smiles,pathways,superclasses,classes,class_results,superclass_results,pathway_results,isglycoside
CCCCC[C@@H]1CCCCCCCCCC(=O)O[C@H]2[C@H](O[C@@H]3[C@@H](O[C@@H]4O[C@@H](C)[C@H](O)[C@@H](O)[C@H]4O)[C@@H](O[C@H](C)[C@H]3O)O[C@@H]3[C@@H](O)[C@H](O)[C@@H](C)O[C@H]3O1)O[C@H](C)[C@@H](O)[C@@H]2O,['Carbohydrates'],['Saccharides'],['Polysaccharides'],['Resin glycosides'],['Fatty acyls'],['Fatty acids'],True
Cc1ccc(Nc2ccc(Nc3ccc(C)cc3S(=O)(=O)[O-])c3c2C(=O)c2ccccc2C3=O)c(S(=O)(=O)[O-])c1,['Shikimates and Phenylpropanoids'],['Flavonoids'],['Anthocyanidins'],['Anthraquinones and anthrones'],['Polycyclic aromatic polyketides'],['Polyketides'],False
CC(=O)[C@@H](O)[C@H](O)C[C@H](N)C(=O)O,['Fatty acids'],['Fatty Acids and Conjugates'],['Hydroxy fatty acids'],['Aminoacids'],['Small peptides'],['Amino acids and Peptides'],False
COc1cc2c(c(O)c1CC=C(C)CCC=C(C)C)C(=O)N(CCc1ccccc1)C2,['Alkaloids'],['Pseudoalkaloids'],['Isoindole alkaloids'],['Tetraketide meroterpenoids'],['Meroterpenoids'],['Terpenoids'],False
CCCCCCCC=CCC(=O)CC,['Shikimates and Phenylpropanoids'],['Flavonoids'],['Chalcones'],['Oxygenated hydrocarbons'],['Fatty acyls'],['Fatty acids'],False
CC(=O)OCC[C@H](C)CCC=C(C)C,['Fatty acids'],['Fatty esters'],['Wax monoesters'],['Acyclic monoterpenoids'],['Monoterpenoids'],['Terpenoids'],False
CC(=O)c1cccc(NC2C(N)C(NC(=O)N(C)C)(C(C)O)C(C)(O)C2(O)COC(=O)c2c(C)cccc2O)c1,['Carbohydrates'],['Polyols'],['Amino cyclitols'],[],[],['Terpenoids'],False
COC12C=CC(C)(O1)C(OC(=O)C=Cc1cn(C)cn1)CC1C(C=C2COC2OCC(O)C(O)C2OC(C)=O)C(C(C)C)C=CC1(C)O,['Alkaloids'],['Histidine alkaloids'],['Imidazole alkaloids'],['Eunicellane diterpenoids'],['Diterpenoids'],['Terpenoids'],True
Nc1ncnc2c1nc(Sc1ccc(Cl)cc1)n2[C@@H]1O[C@@H]2COP(=O)(O)O[C@H]2[C@H]1O,['Carbohydrates'],['Nucleotides'],['Purine nucleotides'],[],[],['Alkaloids'],False
CC(NC(=O)C(N)C(N)CCC(O)C(O)C(O)C1CN(C(N)=O)C(N)=N1)C(=O)NC(C(=O)O)C(C)C,['Alkaloids'],['Histidine alkaloids'],['Imidazole alkaloids'],['Tripeptides'],['Small peptides'],['Amino acids and Peptides'],False
C/C(C=O)=C\CC/C(C)=C/CO,['Fatty acids'],['Fatty acyls'],['Fatty aldehydes'],['Acyclic monoterpenoids'],['Monoterpenoids'],['Terpenoids'],False
CCCCCCC(C)CCC=C(C)C,['Fatty acids'],['Fatty acyls'],['Hydrocarbons'],['Acyclic monoterpenoids'],['Monoterpenoids'],['Terpenoids'],False
CCCC=CC=CC(=O)c1c(OC)cc(CO)c(C(=O)O)c1O,['Shikimates and Phenylpropanoids'],['Phenolic acids (C6-C1)'],['Simple phenolic acids'],[],['Aromatic polyketides'],['Polyketides'],False
CCC=CCC1C(=O)CCC1CC(=O)OC,['Terpenoids'],['Meroterpenoids'],['Prenyl quinone meroterpenoids'],['Jasmonic acids'],['Octadecanoids'],['Fatty acids'],False
CCC(C)CCCC(C)C(=O)O,['Terpenoids'],['Monoterpenoids'],['Acyclic monoterpenoids'],['Branched fatty acids'],['Fatty Acids and Conjugates'],['Fatty acids'],False
CC(=O)OCC(C)C#C[C@@]12O[C@@H]1[C@@H](O)C=C[C@@H]2O,['Terpenoids'],['Meroterpenoids'],['Miscellaneous meroterpenoids'],['Wax monoesters'],['Fatty esters'],['Fatty acids'],False
CC1=CC(=O)c2ccccc2C1=O,['Terpenoids'],['Meroterpenoids'],['Prenyl quinone meroterpenoids'],['Naphthoquinones'],['Naphthalenes'],['Polyketides'],False
CC(C)=C1NC(=O)C(C(=O)CC(O)CC(C)O)=C1O,['Amino acids and Peptides'],['Linear polyketides'],['3-acyl tetramic acids'],['Simple tetramate alkaloids'],['Tetramate alkaloids'],['Alkaloids'],False
C=C1C(=O)[C@@]23[C@@H](CC[C@@H]1[C@H]2O)[C@@]12C=N[C@]3(O)[C@@H](O)[C@@H]1C(C)(C)CC[C@@H]2O,['Alkaloids'],['Pseudoalkaloids'],['Terpenoid alkaloids'],['Kaurane and Phyllocladane diterpenoids'],['Diterpenoids'],['Terpenoids'],False
CC(C)=CCC[C@@H](C)O,['Fatty acids'],['Fatty acyls'],['Fatty alcohols'],['Acyclic monoterpenoids'],['Monoterpenoids'],['Terpenoids'],False
CC(=O)CCCCCCCCCCCCCC1OC(=O)C(C)C1C(=O)O,['Polyketides'],['Linear polyketides'],['Acetogenins'],['Paraconic acids and derivatives'],['Fatty acyls'],['Fatty acids'],False
CCCCCCCCCCCC(=O)OC1C(OC2C(C)OC3OC4C(OC(CCC)CCCCCCCCCC(=O)OC3C2O)OC(C)C(O)C4O)OC(C)C(OC2OC(C)C(OC(=O)C(C)CC)C(O)C2O)C1OC1OC(CO)C(O)C(O)C1O,['Carbohydrates'],['Saccharides'],['Polysaccharides'],['Resin glycosides'],['Fatty acyls'],['Fatty acids'],True
CC(/C=C/C1(O)C(C)CC(O)CC1(C)C)OC1OC(CO)C(O)C(O)C1O,['Fatty acids'],['Fatty acyl glycosides'],['Fatty acyl glycosides of mono- and disaccharides'],['Megastigmanes'],['Apocarotenoids'],['Terpenoids'],True
C=CC1C(OC2OC(CO)C(O)C(O)C2O)OC=C2C(=O)OC(Cc3cccc(CCc4ccc(O)cc4)n3)CC21,['Alkaloids'],['Nicotinic acid alkaloids'],['Pyridine alkaloids'],['Secoiridoid monoterpenoids'],['Monoterpenoids'],['Terpenoids'],True
COCc1cc(O)c2c(c1O)[C@@]1(C)CC[C@H]3C(C)(C)CCC[C@]3(C)[C@H]1C2,['Polyketides'],['Meroterpenoids'],['Tetraketide meroterpenoids'],['Tetraketide meroterpenoids'],['Meroterpenoids'],['Terpenoids'],False
Cc1cc(O)c(CC2C(C)(O)CCC3C(C)(C)CCCC32C)c(O)c1,['Polyketides'],['Meroterpenoids'],['Tetraketide meroterpenoids'],['Tetraketide meroterpenoids'],['Meroterpenoids'],['Terpenoids'],False
Cc1cc(O)c(C=Nc2ccc3ccccc3c2)c2c1C(=O)Oc1c(CO)c(O)c(C(=O)O)c(C=Nc3ccc4ccccc4c3)c1O2,['Polyketides'],['Aromatic polyketides'],['Depsides and depsidones'],['Phenanthrenes'],['Phenanthrenoids'],['Shikimates and Phenylpropanoids'],False
Cc1cccc2c3c(ccc12)C(C(=O)O)=C(C(C)C)C(=O)C3=O,['Terpenoids'],['Diterpenoids'],['Abietane diterpenoids'],['Naphthoquinones'],['Naphthalenes'],['Polyketides'],False
CC[C@H](N)C(=O)O,['Fatty acids'],['Fatty Acids and Conjugates'],['Amino fatty acids'],['Aminoacids'],['Small peptides'],['Amino acids and Peptides'],False
C=C1C(OC(C)=O)CC(OC(=O)c2cccnc2)C(C)(OC(C)=O)CC=CC(C)C(=O)C2(OC(C)=O)CC(C)(OC(=O)c3cccnc3)C(OC(C)=O)C2C1OC(C)=O,['Alkaloids'],['Nicotinic acid alkaloids'],['Pyridine alkaloids'],['Jatrophane diterpenoids'],['Diterpenoids'],['Terpenoids'],False
CCCCCC1CCCCCCCCCC(=O)OCC2OC(OC3C(O1)OC(C)C(O)C3O)C(OC1OC(C)C(OC(=O)C(C)CC)C(OC3OC(C)C(O)C(O)C3O)C1OC(=O)C(C)CC)C(O)C2O,['Carbohydrates'],['Saccharides'],['Polysaccharides'],['Resin glycosides'],['Fatty acyls'],['Fatty acids'],True
CC1(C)OC2CCC1C1N=Nc3ccccc3N=C21,['Terpenoids'],['Monoterpenoids'],['Menthane monoterpenoids'],['Corynanthe type'],['Tryptophan alkaloids'],['Alkaloids'],False
COc1cc2c3c(cc(OC)c2cc1C)C(C)OC3=O,['Terpenoids'],['Diterpenoids'],['Pimarane and Isopimarane diterpenoids'],"['Naphthalenes and derivatives', 'Phthalide derivatives']","['Naphthalenes', 'Cyclic polyketides']",['Polyketides'],False
NC[C@H](N)C(=O)O,['Fatty acids'],['Fatty Acids and Conjugates'],['Amino fatty acids'],['Aminoacids'],['Small peptides'],['Amino acids and Peptides'],False
CCC=CCC1C(=O)C=CC1CCCCCCCC(=O)O,['Terpenoids'],['Diterpenoids'],['Phytane diterpenoids'],['12-oxophytodienoic acid metabolites'],['Octadecanoids'],['Fatty acids'],False
CC(=O)NC(CCCC#CC=C(Cl)Cl)CCCC#CCC(Cl)Cl,['Fatty acids'],['Fatty Acids and Conjugates'],['Halogenated fatty acids'],['Simple amide alkaloids'],['Peptide alkaloids'],['Alkaloids'],False
COc1cc(C=CC(=O)N(C(=O)C=Cc2ccc(O)c(OC)c2)C(CCCN)C(=O)C=Cc2ccc(O)cc2)ccc1O,['Alkaloids'],['Ornithine alkaloids'],['Polyamines'],['Linear diarylheptanoids'],['Diarylheptanoids'],['Shikimates and Phenylpropanoids'],False
CCCCCCCC(C)CCCC(C)CCCC(C)CCCC(C)CCCC(C)CCCO,['Polyketides'],['Linear polyketides'],['Open-chain polyketides'],['Fatty alcohols'],['Fatty acyls'],['Fatty acids'],False
CCCC[C@@H](C)[C@@H](OC(=O)C[C@@H](CC(=O)O)C(=O)O)[C@H](C[C@@H](C)C[C@H](O)CCCCCC[C@H](O)[C@@H](C)N)OC(=O)C[C@@H](CC(=O)O)C(=O)O,['Fatty acids'],['Sphingolipids'],['Sphingoid bases'],['Open-chain polyketides'],['Linear polyketides'],['Polyketides'],False
CC(=O)OC/C=C(\C)CC/C=C(\C)CC/C=C(\C)CCC=C(C)C,['Fatty acids'],['Fatty esters'],['Wax monoesters'],['Acyclic monoterpenoids'],['Monoterpenoids'],['Terpenoids'],False
C/C=C(\C=C(C)\C=C\CC/C=C(\OC)C(=O)[C@]12O[C@H]1C(C)(O)NC2=O)C(=O)OC,['Fatty acids'],['Fatty Acids and Conjugates'],['Heterocyclic fatty acids'],['Simple tetramate alkaloids'],['Tetramate alkaloids'],['Alkaloids'],False
Cc1cc(O)cc(O)c1C(=O)Cl,['Polyketides'],['Aromatic polyketides'],['Depsides and depsidones'],[],[],['Shikimates and Phenylpropanoids'],False
CC(C)=CCC/C(C)=C/CCC(C)CCO,['Fatty acids'],['Fatty acyls'],['Fatty alcohols'],"['Acyclic monoterpenoids', 'Farnesane sesquiterpenoids']","['Sesquiterpenoids', 'Monoterpenoids']",['Terpenoids'],False
CCc1oc(=O)cc(OC)c1C,['Shikimates and Phenylpropanoids'],['Coumarins'],['Isocoumarins'],['2-pyrone derivatives'],['Cyclic polyketides'],['Polyketides'],False
COc1cc(O)c2c(=O)c3c(O)c(OC)ccc3oc2c1,['Shikimates and Phenylpropanoids'],['Xanthones'],['Plant xanthones'],"['Methyl xanthones', 'Plant xanthones']",['Xanthones'],['Polyketides'],False
CCCCCCCCCC[C@H](O)C1CC[C@H](C2CC[C@H]([C@H](O)CCCCCCCCCC[C@@H]3C[C@@H](CC(C)=O)C(=O)O3)O2)O1,['Fatty acids'],['Fatty acyls'],['Fatty alcohols'],['Acetogenins'],['Linear polyketides'],['Polyketides'],False
CSC1SCC2C(=O)N(C)C(C(C)C(C)C)C(=O)OCC(NC(=O)c3cnc4ccccc4n3)C(=O)NC(C)C(=O)N(C)C1C(=O)N(C)C(C(C)C(C)C)C(=O)OCC(NC(=O)c1cnc3ccccc3n1)C(=O)NC(C)C(=O)N2C,['Polyketides'],['Oligopeptides'],['Depsipeptides'],"['Cyclic peptides', 'Depsipeptides', 'Pyrazine and Piperazine alkaloids']","['Oligopeptides', 'Tetramate alkaloids', 'Peptide alkaloids']","['Alkaloids', 'Amino acids and Peptides']",False
O=C1O[C@@H]([C@H](O)CO)C(O)=C1O,['Carbohydrates'],['Saccharides'],['Monosaccharides'],[],[],['Polyketides'],False
O=C1NC(O)CNc2c1ncn2C1OC(CO)C(O)C1O,['Alkaloids'],['Histidine alkaloids'],['Imidazole alkaloids'],['Purine nucleos(t)ides'],['Nucleosides'],['Carbohydrates'],False
CC=C(C)C=CCC(C)CCC=C(C)C,['Terpenoids'],['Sesquiterpenoids'],['Farnesane sesquiterpenoids'],['Hydrocarbons'],['Fatty acyls'],['Fatty acids'],False
COc1cc2c(c(O)c1OC)C(=O)c1c(cc(C)c(O)c1OC)C2=O,['Shikimates and Phenylpropanoids'],['Coumarins'],['Simple coumarins'],['Anthraquinones and anthrones'],['Polycyclic aromatic polyketides'],['Polyketides'],False
NC(=O)/C=C/c1ccccc1,['Amino acids and Peptides'],['Phenylpropanoids (C6-C3)'],['Cinnamic acid amides'],[],['Phenylpropanoids (C6-C3)'],['Shikimates and Phenylpropanoids'],False
COC1OC2(CC34CCC(O)C13COC4=O)Oc1ccc(O)c3c(=O)oc4ccc(O)c2c4c13,['Terpenoids'],['Meroterpenoids'],['Meromonoterpenoids'],[],[],['Shikimates and Phenylpropanoids'],True
COC1=C2C(=CC(=O)C(O)=C2C)c2cc(OC)c(C)cc2C1=O,['Terpenoids'],['Diterpenoids'],['Pimarane and Isopimarane diterpenoids'],['Naphthoquinones'],['Naphthalenes'],['Polyketides'],False
O=C(O)n1cc(S(=O)(=O)c2c[nH]c3cc(Br)ccc23)c2ccc(Br)cc21,['Alkaloids'],['Tryptophan alkaloids'],['Simple indole alkaloids'],[],[],['Shikimates and Phenylpropanoids'],False
CC(=O)OCC1OC(OC(=O)C(C)=C(C)CC(OC(C)=O)C(C)C2CCC3C4CC=C5CC(OC6OC(CO)C(O)C(O)C6O)CC(O)C5(C)C4CCC23C)C(OC2OC(CO)C(OC3OC(CO)C(O)C(O)C3O)C(O)C2O)C(O)C1O,['Shikimates and Phenylpropanoids'],['Coumarins'],['Isocoumarins'],['Ergostane steroids'],['Steroids'],['Terpenoids'],True
COc1cccc2c1C(O)n1c-2c2c3c(cc(C)cc31)C=CC2=O,['Polyketides'],['Polycyclic aromatic polyketides'],['Angucyclines'],['Carbazole alkaloids'],['Tryptophan alkaloids'],['Alkaloids'],False
CC(CCC(=O)NCCCN(C)C)C1CCC2C3C(O)CC4CC(O)CCC4(C)C3CC(O)C12C,['Alkaloids'],['Lysine alkaloids'],['Quinolizidine alkaloids'],['Cholane steroids'],['Steroids'],['Terpenoids'],False
CC(C)=CCCC(C)CCOC(=O)/C=C/c1ccccc1,['Fatty acids'],['Fatty esters'],['Wax monoesters'],['Cinnamic acids and derivatives'],['Phenylpropanoids (C6-C3)'],['Shikimates and Phenylpropanoids'],False
C/C(=C\CNc1ncnc2c1ncn2[C@@H]1O[C@H](COP(=O)(O)O)[C@@H](O)[C@H]1O)CO,['Carbohydrates'],['Nucleotides'],['Purine nucleotides'],['Purine alkaloids'],['Pseudoalkaloids'],['Alkaloids'],False
COC(=O)CC1(O)c2nc(C)cc3cc(O)cc(c23)OC1(C)OC,['Polyketides'],['Chromanes'],['Chromones'],[],[],['Alkaloids'],False
Cc1ccc(C(C)C)c2cc(CO)c(O)cc12,['Polyketides'],['Naphthalenes'],['Naphthalenes and derivatives'],['Cadinane sesquiterpenoids'],['Sesquiterpenoids'],['Terpenoids'],False
CC(C)C1CCC2(C)C3C=NC1C2(CCC(=O)O)C1=CCCC1CC3,['Alkaloids'],['Pseudoalkaloids'],['Terpenoid alkaloids'],['Terpenoid alkaloids'],['Pseudoalkaloids'],['Terpenoids'],False
CC(C)=Cc1cc(CCCC(C)=CCc2c(O)cc(C)c(C(=O)O)c2O)co1,['Polyketides'],['Meroterpenoids'],['Tetraketide meroterpenoids'],[],[],"['Shikimates and Phenylpropanoids', 'Terpenoids']",False
CCCCCCCCCCCCCC(=O)OP(=O)(O)OC[C@H]1O[C@@H](n2cnc3c(N)ncnc32)[C@H](O)[C@@H]1O,['Carbohydrates'],['Nucleotides'],['Purine nucleotides'],['Fatty acyl CoAs'],['Fatty esters'],['Fatty acids'],False
C=C/C(=C\NC(=O)C(O)CC(N)C(=O)O)CO,['Fatty acids'],['Fatty Acids and Conjugates'],['Hydroxy fatty acids'],['Aminoacids'],['Small peptides'],['Amino acids and Peptides'],False
CC1CC/C=C\C=C\CCC(O)CC(=O)C(C)C2CCC(C)C3(O2)O[B-]24OC(C(=O)O1)C1(OC(CCC1C)C(C)C(=O)CC(O)CC/C=C/C=C\CCC(C)OC(=O)C3O2)O4,['Terpenoids'],['Triterpenoids'],"['Lanostane, Tirucallane and Euphane triterpenoids']",['Boromycins'],['Macrolides'],['Polyketides'],False
C/C(=C\CNc1ncnc2c1ncn2[C@@H]1O[C@H](COP(=O)(O)OP(=O)(O)OP(=O)(O)O)[C@@H](O)[C@H]1O)CO,['Carbohydrates'],['Nucleotides'],['Purine nucleotides'],['Purine alkaloids'],['Pseudoalkaloids'],['Alkaloids'],False
CCCC[C@@H](C)[C@@H](OC(=O)C[C@@H](CC(=O)O)C(=O)O)[C@H](C[C@@H](C)CCCCCC[C@@H](O)C[C@H](O)[C@H](C)N)OC(=O)C[C@@H](CC(=O)O)C(=O)O,['Fatty acids'],['Sphingolipids'],['Sphingoid bases'],['Open-chain polyketides'],['Linear polyketides'],['Polyketides'],False
COc1cc(O)c(C(C)=O)c(OC)c1,['Shikimates and Phenylpropanoids'],['Coumarins'],['Isocoumarins'],['Acyl phloroglucinols'],['Phloroglucinols'],['Polyketides'],False
CC(=O)NC(CCCC#C/C=C/Cl)CCCCCCC(Cl)Cl,['Fatty acids'],['Fatty Acids and Conjugates'],['Halogenated fatty acids'],['Simple amide alkaloids'],['Peptide alkaloids'],['Alkaloids'],False
COc1cc2c(cc(OC)c3cc(C)c(O)cc32)oc1=O,['Terpenoids'],['Diterpenoids'],['Podocarpane diterpenoids'],['Simple coumarins'],['Coumarins'],['Shikimates and Phenylpropanoids'],False
CC12CCC3C(CCC4CC5NCC(O5)C43C)C1CC1OC(=O)CC12,['Alkaloids'],['Pseudoalkaloids'],['Steroidal alkaloids'],['Androstane steroids'],['Steroids'],['Terpenoids'],False
CCCCCCCCCCCC(=O)O[C@H]1[C@@H](O)[C@@H](C)O[C@@H](O[C@H]2[C@H](C)O[C@@H](O[C@H]3[C@H]4O[C@H](COC(C)=O)[C@@H](O)[C@@H]3OC(=O)C[C@@H](O[C@@H]3O[C@H](C)[C@@H](O)[C@H](O)[C@H]3O)CCCCCCC[C@@H](CCC)O[C@@H]3O[C@H](C)[C@@H](O)[C@H](O)[C@H]3O4)[C@H](OC(=O)[C@@H](C)CC)[C@@H]2O[C@@H]2O[C@H](CO)[C@@H](O)[C@H](O)[C@H]2O[C@@H]2O[C@H](C)[C@@H](O)[C@H](OC(=O)[C@@H](C)CC)[C@H]2O)[C@@H]1O,['Carbohydrates'],['Saccharides'],['Polysaccharides'],['Resin glycosides'],['Fatty acyls'],['Fatty acids'],True
CC(=O)NC1C(O)C=C(CO)C(O)C1O,['Shikimates and Phenylpropanoids'],['Phenolic acids (C6-C1)'],['Shikimic acids and derivatives'],['Cyclitols'],['Polyols'],['Carbohydrates'],False
CCCCCCCCCCCC(=O)OP(=O)(O)OC[C@H]1O[C@@H](n2cnc3c(N)ncnc32)[C@H](O)[C@@H]1O,['Carbohydrates'],['Nucleotides'],['Purine nucleotides'],[],[],['Fatty acids'],False
CC(C)=CCCC(C)CCOC(=O)CC(C)CCCC(C)C,['Fatty acids'],['Fatty esters'],['Wax monoesters'],['Acyclic monoterpenoids'],['Monoterpenoids'],['Terpenoids'],False
CC(=CC(C)CC(C)OC(=O)CC(=O)c1ccc(O)c(O)c1)CC(C)C(=O)NC(C)C(=O)N(C)C(Cc1c(Br)[nH]c2ccccc12)C(N)=O,['Polyketides'],['Oligopeptides'],['Depsipeptides'],['Depsipeptides'],['Oligopeptides'],['Amino acids and Peptides'],False
COc1cc(O)c(C(c2ccccc2)c2c(O)c(C)c(O)c3c2OC(c2ccccc2)CC3=O)c(O)c1C,['Polyketides'],['Phloroglucinols'],['Dimeric phloroglucinols'],['Flavanones'],['Flavonoids'],['Shikimates and Phenylpropanoids'],False
CC(C1CCC2(C)C3CCC4C(C)(C)C(=O)C=CC45CC35CCC12C)N(C)C,['Alkaloids'],['Pseudoalkaloids'],['Steroidal alkaloids'],"['Pregnane steroids', 'Steroidal alkaloids']","['Steroids', 'Pseudoalkaloids']",['Terpenoids'],False
COC(CC1C(C)=CCC2C1(C)CCC1C(C)(C)C(O)C(OC3OC(C)C(OC(=O)c4cccc(O)c4)C(OC4OC(CO)C(O)C(O)C4NC(C)=O)C3O)CC12C)C(N)C(=O)O,['Carbohydrates'],['Aminosugars and aminoglycosides'],['Aminosugars'],[],[],['Terpenoids'],True
C[C@H]1C=C2C=C[C@H](C)[C@H](CC[C@@H]3C[C@@H](O)CC(=O)O3)[C@H]2[C@@H](O)C1,['Terpenoids'],['Meroterpenoids'],['Polyprenylated cyclic polyketides (Hop meroterpenoids)'],"['Monacolins and Monacolin derivatives', 'Polyprenylated cyclic polyketides (Hop meroterpenoids)']","['Meroterpenoids', 'Cyclic polyketides']",['Polyketides'],False
C[C@H]1CC[C@H]2[C@H](C1)[C@@H](O)C=C1COC(=O)[C@@]12C,['Polyketides'],['Cyclic polyketides'],['Oblogolides'],[],['Sesquiterpenoids'],['Terpenoids'],False
CC(CCC(O)C(O)C(O)COC1C(N)C(O)C(O)C1(O)CO)C1CCC2(C)C1CCC1(C)C2CCC2C3(C)CCCC(C)(C)C3CCC21C,['Carbohydrates'],['Polyols'],['Amino cyclitols'],['Hopane and Moretane triterpenoids'],['Triterpenoids'],['Terpenoids'],False
CNc1ncnc(NC(C)C)c1N(C=O)CC=C(C)CCC=C(C)CCC1(C)C(C)=CCCC1C,['Terpenoids'],['Diterpenoids'],['Cyclophytane diterpenoids'],[],['Pseudoalkaloids'],['Alkaloids'],False
CNc1ccccc1C(=O)O,['Amino acids and Peptides'],['Small peptides'],['Aminoacids'],['Anthranillic acid derivatives'],['Anthranilic acid alkaloids'],['Alkaloids'],False
CCCCCCCCCCCC(=O)OC1C(OC2C(C)OC(OC3C(OC(CCCCC)CCCCCCCCCC(=O)OC4C(CO)OC(OC5C(OC6OC(C)C(OC(=O)C(C)CC)C(O)C6OC(=O)C=Cc6ccccc6)C(C)OC(OC6C(C)OC7OC8C(OC(CCCCC)CCCCCCCCCC(=O)OC7C6O)OC(C)C(O)C8O)C5OC(=O)CCCCCCCCCCC)C(O)C4O)OC(C)C(O)C3O)C(O)C2O)OC(C)C(OC2OC(C)C(OC(=O)C(C)CC)C(OC(=O)C=Cc3ccccc3)C2O)C1OC1OC(CO)C(O)C(O)C1O,['Carbohydrates'],['Saccharides'],['Polysaccharides'],['Resin glycosides'],['Fatty acyls'],['Fatty acids'],True
CC(C)=CCCC(C)=CCCC(C)=CCCC(C)=CCCC(C)=CCCC(C)=CCCC(C)=CCCC(C)=CCC1=C(C)C(=O)c2c(ccc(C)c2C)C1=O,['Polyketides'],['Naphthalenes'],['Naphthoquinones'],['Prenyl quinone meroterpenoids'],['Meroterpenoids'],['Terpenoids'],False
CC(=O)C1CCC2C3CC=C4CC(N)CCC4(C)C3CCC12C,['Alkaloids'],['Pseudoalkaloids'],['Steroidal alkaloids'],['Pregnane steroids'],['Steroids'],['Terpenoids'],False
CC(=CCCC(C)=CCCC(C)=CCCC(C)=CCC1=C(C)C(=O)c2c(ccc(C)c2C)C1=O)CCC=C(C)CCC=C(C)CCC=C(C)CCCC(C)C,['Polyketides'],['Naphthalenes'],['Naphthoquinones'],['Prenyl quinone meroterpenoids'],['Meroterpenoids'],['Terpenoids'],False
COC(=O)c1ccc(OC)c(O)c1N,['Shikimates and Phenylpropanoids'],['Phenolic acids (C6-C1)'],['Simple phenolic acids'],['Anthranillic acid derivatives'],['Anthranilic acid alkaloids'],['Alkaloids'],False
CC(C)c1ccc2c(c1)C(O)(C(C)C)c1ccccc1C2=O,['Polyketides'],['Polycyclic aromatic polyketides'],['Anthraquinones and anthrones'],['Cadinane sesquiterpenoids'],['Sesquiterpenoids'],['Terpenoids'],False
CCC(C)C(C(CC(=O)N1CCCC1C(OC)C(C)C(=O)OC(Cc1ccccc1)C(=O)O)OC)N(C)C(=O)C(NC(=O)C(C(C)C)N(C)C)C(C)C,['Polyketides'],['Oligopeptides'],['Depsipeptides'],['Linear peptides'],['Oligopeptides'],['Amino acids and Peptides'],False
Oc1ccc(CC2CC=CC23CCC(O)CC3)cc1,['Shikimates and Phenylpropanoids'],['Lignans'],['Neolignans'],[],[],['Terpenoids'],False
C=C1C(=O)OC2C1C(OC(=O)C(C)(O)C(C)OC(C)=O)CC1C(=O)OC3C=C(C)C2C31,['Polyketides'],['Meroterpenoids'],['Tetraketide meroterpenoids'],['Guaiane sesquiterpenoids'],['Sesquiterpenoids'],['Terpenoids'],False
CC1C(=O)NC2CCC1C2(C)C,['Terpenoids'],['Monoterpenoids'],['Fenchane monoterpenoids'],[],[],['Alkaloids'],False
C[C@H]1CC[C@H]2[C@H]([C@@H]1O)[C@@H](O)[C@H](O)[C@]1(C)OCCC(=O)[C@H]21,['Polyketides'],['Cyclic polyketides'],['Monacolins and Monacolin derivatives'],[],[],['Terpenoids'],False
CC(C)C1C2OC(=O)C1C1CCC3C([N+](C)(C)CCO)OC2C13C,['Alkaloids'],['Pseudoalkaloids'],['Terpenoid alkaloids'],['Picrotoxane sesquiterpenoids'],['Sesquiterpenoids'],['Terpenoids'],False
C=C(C=O)[C@H]1C[C@H](OC(=O)/C=C\c2ccc(O)cc2)C(CO)=C1C=O,['Terpenoids'],['Monoterpenoids'],['Iridoids monoterpenoids'],[],['Phenylpropanoids (C6-C3)'],['Shikimates and Phenylpropanoids'],False
CC(C)=CCCC(C)CO,['Fatty acids'],['Fatty acyls'],['Fatty alcohols'],['Acyclic monoterpenoids'],['Monoterpenoids'],['Terpenoids'],False
C[C@@H]1/N=C(/O)[C@H](C)/N=C(/O)[C@H](Cc2ccc(O)cc2)/N=C(/O)c2cc(O)ccc2/N=C(/O)[C@@H]2CCCN2C1=O,['Amino acids and Peptides'],['Oligopeptides'],['Cyclic peptides'],[],[],['Polyketides'],False
CC(C)=CC/C=C(/C)CCO,['Fatty acids'],['Fatty acyls'],['Fatty alcohols'],['Acyclic monoterpenoids'],['Monoterpenoids'],['Terpenoids'],False
C/C=C(/C=O)C(CC(=O)OC)CC(=O)OC,['Terpenoids'],['Monoterpenoids'],['Secoiridoid monoterpenoids'],['Wax monoesters'],['Fatty esters'],['Fatty acids'],False
COC12OC1(C13OC1(OC)C(=O)c1cc4c(c(O)c1C3O)C(=O)OC(C)C4)C(O)c1c(cc3c(c1O)C(=O)OC(C)C3)C2=O,['Polyketides'],['Naphthalenes'],['Bisnaphthalenes'],['Isocoumarins'],['Coumarins'],['Shikimates and Phenylpropanoids'],False
C=C(C)CCCC(C)CO,['Fatty acids'],['Fatty acyls'],['Fatty alcohols'],['Acyclic monoterpenoids'],['Monoterpenoids'],['Terpenoids'],False
NCCCCCCCCNP(=O)(O)OP(=O)(O)OP(=O)(O)OCC1OC(n2cnc3c(=O)[nH]c(N)nc32)C(O)C1O,['Carbohydrates'],['Nucleosides'],['Purine nucleosides'],[],[],['Alkaloids'],False
C=CC(C)=CCCC(C)CCO,['Terpenoids'],['Monoterpenoids'],['Acyclic monoterpenoids'],['Fatty alcohols'],['Fatty acyls'],['Fatty acids'],False
O=C(O)c1ccccc1NO,['Amino acids and Peptides'],['Small peptides'],['Aminoacids'],[],['Anthranilic acid alkaloids'],['Alkaloids'],False
C=Cc1c2c(cc(O)c1C(=O)O)-c1ccc(O)c(C)c1CC2,['Terpenoids'],['Diterpenoids'],['Cleistanthane diterpenoids'],['Phenanthrenes'],['Phenanthrenoids'],['Shikimates and Phenylpropanoids'],False
C=CC(C)(O)CC/C=C(\C)CO,['Fatty acids'],['Fatty acyls'],['Fatty alcohols'],['Acyclic monoterpenoids'],['Monoterpenoids'],['Terpenoids'],False
O=C(O)C1CCCNC1,['Amino acids and Peptides'],['Small peptides'],['Aminoacids'],[],['Lysine alkaloids'],['Alkaloids'],False
O=C(C=Cc1ccc(N2CCCSCCCSCCCSCCC2)cc1)c1ccc(F)c(F)c1,['Shikimates and Phenylpropanoids'],['Flavonoids'],['Chalcones'],[],[],['Alkaloids'],False
COC1NC(=O)c2c(Br)c(Br)c(Br)n2C1c1c(Br)[nH]c2ccc(Br)cc12,['Amino acids and Peptides'],['Peptide alkaloids'],['Pyrazine and Piperazine alkaloids'],[],[],['Alkaloids'],False
CN1[C@H]2CC[C@@H]1C[C@H](OC(=O)c1cccc(O)c1)C2,['Terpenoids'],['Meroterpenoids'],['Meromonoterpenoids'],['Tropane alkaloids'],['Ornithine alkaloids'],['Alkaloids'],False
COc1cc2c(c3oc(=O)c4c(c13)CCC4=O)[C@H]1[C@@H](O2)O[C@H]2O[C@H]21,['Shikimates and Phenylpropanoids'],['Coumarins'],['Simple coumarins'],['Aflatoxins'],['Chromanes'],['Polyketides'],False
CCC1CC23CC2C2=CC4(C=CC=C2C3(C)CC1=O)CCC(NC)C4(C)C,['Alkaloids'],['Pseudoalkaloids'],['Steroidal alkaloids'],[],['Diterpenoids'],['Terpenoids'],False
NCC(O)c1c2c(O)c(O)c(F)c1OC(=O)C(=O)O2,['Alkaloids'],['Tyrosine alkaloids'],['Phenylethylamines'],[],[],['Polyketides'],False
C=C1OC(=O)c2c(O)cc(O)c(CN3C(=O)CCC3C(C)=O)c2C1C,['Alkaloids'],['Ornithine alkaloids'],['Pyrrolidine alkaloids'],['Isocoumarins'],['Coumarins'],['Shikimates and Phenylpropanoids'],False
O=C(OC1C(O)OC(CO)C(O)C1OC(=O)c1cc(O)c(O)c(O)c1)c1cc(O)c(O)c(O)c1,['Terpenoids'],['Triterpenoids'],['Quassinoids'],['Gallotannins'],['Phenolic acids (C6-C1)'],['Shikimates and Phenylpropanoids'],True
Cc1cc(O)cc(O)c1C(=O)[O-],['Polyketides'],['Aromatic polyketides'],['Depsides and depsidones'],[],[],['Shikimates and Phenylpropanoids'],False
C/C=C(\C)c1cc(OC)cc(=O)o1,['Shikimates and Phenylpropanoids'],['Coumarins'],['Isocoumarins'],['2-pyrone derivatives'],['Cyclic polyketides'],['Polyketides'],False
CC1=NC(C(C)C2CCC3C4CC=C5CC(OC6OC(C)C(O)C(O)C6O)CCC5(C)C4CCC23C)CC1,['Alkaloids'],['Pseudoalkaloids'],['Steroidal alkaloids'],['Cholestane steroids'],['Steroids'],['Terpenoids'],True
CCCCCC(CCCCCCCCCC(=O)O)OC1OC(C)C(OC2OC(C)C(OC3OC(C)C(OC4OC(C)C(O)C(O)C4O)C(O)C3O)C(O)C2O)C(O)C1O,['Carbohydrates'],['Saccharides'],['Polysaccharides'],['Resin glycosides'],['Fatty acyls'],['Fatty acids'],True
COc1cc(C(=O)OC2CC3CCC2(C)C3(C)C)ccc1O,['Shikimates and Phenylpropanoids'],['Phenolic acids (C6-C1)'],['Simple phenolic acids'],['Camphane monoterpenoids'],['Monoterpenoids'],['Terpenoids'],False
O=C(O)CC1C(C(=O)O)NCC1c1ccc(C(=O)O)[nH]c1=O,['Alkaloids'],['Nicotinic acid alkaloids'],['Pyridine alkaloids'],['Aminoacids'],['Small peptides'],['Amino acids and Peptides'],False
CCCC=CC=CC(O)=NC(Cc1c[nH]c2cc(Cl)ccc12)C(O)=NC(CC(=N)O)C(O)=NC(CC(=O)O)C(O)=NC1C(O)=NCC(O)=NC(CCCN)C(O)=NC(CC(=O)O)C(O)=NC(C)C(O)=NC(CC(=O)O)C(O)=NCC(O)=NC(C)C(O)=NC(C(C)CC(=O)O)C(O)=NC(CC(=O)c2ccc(Cl)cc2N)C(=O)OC1C,['Polyketides'],['Oligopeptides'],['Depsipeptides'],['Cyclic peptides'],['Oligopeptides'],['Amino acids and Peptides'],False
COC1C(CO)OC(n2c(Cl)cc3c(=O)c4c(O)c(C)cc(Cl)c4oc32)C(O)C1O,['Carbohydrates'],['Polyols'],['Amino cyclitols'],[],['Chromanes'],['Polyketides'],False
CC(=O)OC1CC(CO)CNC12OC1CC3C4CCC5CC(O)CCC5(C)C4CCC3(C)C1C2C,['Alkaloids'],['Pseudoalkaloids'],['Steroidal alkaloids'],['Furostane steroids'],['Steroids'],['Terpenoids'],False
Cc1cc(O)c(C(=O)CC(=O)c2ccccc2)c(=O)o1,['Polyketides'],['Cyclic polyketides'],['2-pyrone derivatives'],['Chalcones'],['Flavonoids'],['Shikimates and Phenylpropanoids'],False
CC(=O)CCCCCCCCCCCCCC1OC(=O)C(C)=C1C(=O)O,['Polyketides'],['Linear polyketides'],['Acetogenins'],['Paraconic acids and derivatives'],['Fatty acyls'],['Fatty acids'],False
CC(=O)C[C@H](N)C(=O)O,['Fatty acids'],['Fatty Acids and Conjugates'],['Oxo fatty acids'],['Aminoacids'],['Small peptides'],['Amino acids and Peptides'],False
CCCC1CCCCCCCCCC(=O)OC2C(OC(C)C(OC(=O)C(C)C(C)O)C2O)OC2C(OCC3OC(OC4C(O1)OC(C)C(O)C4O)C(OC1OC(C)C(OC(C)=O)C(O)C1O)C(O)C3O)OC(C)C(O)C2O,['Carbohydrates'],['Saccharides'],['Polysaccharides'],['Resin glycosides'],['Fatty acyls'],['Fatty acids'],True
O=C1C(Cl)=C(Cl)C(=O)N1n1c(-c2cccs2)nc2ccc(I)cc2c1=O,['Shikimates and Phenylpropanoids'],['Coumarins'],['Isocoumarins'],[],[],['Alkaloids'],False
O=C(O)C(=O)C[C@H](O)[C@H](O)CO,['Fatty acids'],['Fatty Acids and Conjugates'],['Hydroxy fatty acids'],['Monosaccharides'],['Saccharides'],['Carbohydrates'],False
CCC(C)[C@H]1NC(=O)[C@@H]2CSC(=N2)[C@H](CC(C)C)NC(=O)c2csc(n2)[C@H](C(C)C)NC(=O)[C@@H]2CCCN2C(=O)[C@H](C(C)C)NC(=O)c2csc1n2,['Fatty acids'],['Fatty Acids and Conjugates'],['Halogenated fatty acids'],['Cyclic peptides'],['Oligopeptides'],['Amino acids and Peptides'],False
CC(=O)OCC12C(OC(C)=O)C(OC(C)=O)C3C(OC(C)=O)C14OC3(C)COC(=O)c1cccnc1C(C)C(C)C(=O)OC(C(OC(=O)c1ccc(=O)n(C)c1)C2OC(C)=O)C4(C)O,['Alkaloids'],['Nicotinic acid alkaloids'],['Pyridine alkaloids'],['Agarofuran sesquiterpenoids'],['Sesquiterpenoids'],['Terpenoids'],False
COc1ccc2c(c1)C(O)C(O)C(C)(C)O2,['Shikimates and Phenylpropanoids'],['Flavonoids'],['Flavandiols (Leucoanthocyanidins)'],['Merohemiterpenoids'],['Meroterpenoids'],['Terpenoids'],False
CSc1nc(NCC=C(C)C)c2ncn([C@@H]3O[C@H](COP(=O)(O)O)[C@@H](O)[C@H]3O)c2n1,['Carbohydrates'],['Nucleotides'],['Purine nucleotides'],['Purine alkaloids'],['Pseudoalkaloids'],['Alkaloids'],False
CC(=O)[C@H](N)C(=O)O,['Fatty acids'],['Fatty Acids and Conjugates'],['Oxo fatty acids'],['Aminoacids'],['Small peptides'],['Amino acids and Peptides'],False
CN1CCCCC1c1c(O)cc(O)c2c(=O)cc(-c3ccccc3)oc12,['Alkaloids'],['Lysine alkaloids'],['Piperidine alkaloids'],['Flavones'],['Flavonoids'],['Shikimates and Phenylpropanoids'],False
N[C@@H](CCC[C@H](N)C(=O)O)C(=O)O,['Fatty acids'],['Fatty Acids and Conjugates'],['Dicarboxylic acids'],['Aminoacids'],['Small peptides'],['Amino acids and Peptides'],False
CCCCC[C@H]1OC(=O)C=C[C@H]1O,['Fatty acids'],['Fatty esters'],['Lactones'],['2-pyrone derivatives'],['Cyclic polyketides'],['Polyketides'],False
COC(=O)NC1=C2C(=CCSSSC)C(O)(C#CC=CC#CC2OC2OC(C)C(SC)(C(=O)c3nccc4c3[nH]c3ccc(O)cc34)C(O)C2OC2CC(OC)C(NC(C)C)CO2)CC1=O,['Alkaloids'],['Tryptophan alkaloids'],['Carboline alkaloids'],['Enediynes'],['Macrolides'],['Polyketides'],True
CC(=CCNc1ncnc2c1ncn2C1OC(CO)C(O)C1O)CO,['Carbohydrates'],['Nucleosides'],['Purine nucleosides'],['Purine alkaloids'],['Pseudoalkaloids'],['Alkaloids'],False
Cn1c(=O)c2c(ncn2CC(O)CO)n(C)c1=O,['Shikimates and Phenylpropanoids'],['Lignans'],['Arylnaphthalene and aryltetralin lignans'],['Purine alkaloids'],['Pseudoalkaloids'],['Alkaloids'],False
C=C(C)C1CCC2(C)C(CC=C(C)C23Cc2c(cc(-c4cccnc4)oc2=O)O3)C12CCC(=O)OC2,['Polyketides'],['Meroterpenoids'],['Triketide meroterpenoids'],['Triketide meroterpenoids'],['Meroterpenoids'],['Terpenoids'],False
CC(C)=CCC/C(C)=C/CC[C@H](C)CC(=O)O,['Fatty acids'],['Fatty Acids and Conjugates'],['Unsaturated fatty acids'],['Farnesane sesquiterpenoids'],['Sesquiterpenoids'],['Terpenoids'],False
CC(C)CC(N)C(O)(Cc1cnc[nH]1)C(=O)O,['Alkaloids'],['Histidine alkaloids'],['Imidazole alkaloids'],['Dipeptides'],['Small peptides'],['Amino acids and Peptides'],False
O=C1OC(CCCOC(=O)c2cccc(OC3OC(CO)C(O)C(O)C3O)c2O)c2ccccc21,['Polyketides'],['Cyclic polyketides'],['Phthalide derivatives'],[],[],['Shikimates and Phenylpropanoids'],True
CC(=O)[C@]1(O)Cc2c(O)c3c(c(O)c2[C@@H](O[C@H]2C[C@H](N)[C@H](O)[C@H](C)O2)C1)C(=O)c1c(O)cccc1C3=O,['Carbohydrates'],['Aminosugars and aminoglycosides'],['Aminoglycosides'],['Anthracyclines'],['Polycyclic aromatic polyketides'],['Polyketides'],True
OCCN1CC(O)C(O)C(O)C1CO,['Carbohydrates'],['Aminosugars and aminoglycosides'],['Aminosugars'],['Pyrrolidine alkaloids'],['Ornithine alkaloids'],['Alkaloids'],False
CCCCCCCCCC(=O)OC1C(OC2C(C)OC3OC4C(OC(CCC)CCCCCCCCCC(=O)OC3C2O)OC(C)C(O)C4O)OC(C)C(OC2OC(C)C(OC(=O)C(C)CC)C(O)C2O)C1OC1OC(CO)C(O)C(O)C1O,['Carbohydrates'],['Saccharides'],['Polysaccharides'],['Resin glycosides'],['Fatty acyls'],['Fatty acids'],True
C=CC1C(OC2OC(CO)C(O)C(O)C2O)OC=C(C(=O)OC2CC3C=COC(OC4OC(CO)C(O)C(O)C4O)C3C2C)C1C=Cc1cncc(C(=O)OC2CC3C=COC(OC4OC(CO)C(O)C(O)C4O)C3C2C)c1,['Alkaloids'],['Nicotinic acid alkaloids'],['Pyridine alkaloids'],['Iridoids monoterpenoids'],['Monoterpenoids'],['Terpenoids'],True
COC1=C(NCC(CCOC2C(CO)OC(O)C(O)C2O)CC(N)=O)CC(O)(CO)CC1=O,['Amino acids and Peptides'],['Mycosporine derivatives'],['Mycosporine and Mycosporine-like amino acids'],['Mycosporine and Mycosporine-like amino acids'],['Mycosporine derivatives'],['Shikimates and Phenylpropanoids'],True
CC(=O)c1c(O)cc(C)c(C(=O)O)c1O,['Polyketides'],['Aromatic polyketides'],['Depsides and depsidones'],['Simple phenolic acids'],['Phenolic acids (C6-C1)'],['Shikimates and Phenylpropanoids'],False
CSC1SCC2C(=O)N(C)C(C(C)C)C(=O)OCC(NC(=O)c3cnc4ccccc4n3)C(=O)NC(C)C(=O)N(C)C1C(=O)N(C)C(C(C)C)C(=O)OCC(NC(=O)c1cnc3ccccc3n1)C(=O)NC(C)C(=O)N2C,['Polyketides'],['Oligopeptides'],['Depsipeptides'],"['Cyclic peptides', 'Depsipeptides', 'Pyrazine and Piperazine alkaloids']","['Oligopeptides', 'Tetramate alkaloids', 'Peptide alkaloids']","['Alkaloids', 'Amino acids and Peptides']",False
C/C(=C/CC/C(C)=C/C(=O)c1cc(O)c(O)cc1O)C(=O)O,['Terpenoids'],['Meroterpenoids'],['Meromonoterpenoids'],[],[],['Shikimates and Phenylpropanoids'],False
CC(C)CC=C(C=O)C(C)C,['Terpenoids'],['Monoterpenoids'],['Irregular monoterpenoids'],[],[],['Fatty acids'],False
Cc1c(Cl)c(O)c(C(=O)O)c(O)c1Cl,['Polyketides'],['Aromatic polyketides'],['Depsides and depsidones'],['Simple phenolic acids'],['Phenolic acids (C6-C1)'],['Shikimates and Phenylpropanoids'],False
CC1NC(=O)C(Cc2ccccc2)N(C)C(=O)C(C(C)C)N(C)C(=O)C(C(C)C)OC(=O)C(C)C(C)NC(=O)c2csc1n2,['Polyketides'],['Oligopeptides'],['Depsipeptides'],"['Cyclic peptides', 'Depsipeptides']",['Oligopeptides'],['Amino acids and Peptides'],False
COc1ccc(Oc2cc(=O)c3c(O)cc(O)cc3o2)cc1O,['Polyketides'],['Chromanes'],['Chromones'],['Simple coumarins'],['Coumarins'],['Shikimates and Phenylpropanoids'],False
CCC(=O)CCCCCCCC[C@@H]1CC[C@H](O)[C@H](C)N1,['Fatty acids'],['Sphingolipids'],['Sphingoid bases'],['Piperidine alkaloids'],['Lysine alkaloids'],['Alkaloids'],False
ClN(Cl)CCCCN(Cl)Cl,['Alkaloids'],['Ornithine alkaloids'],['Polyamines'],[],[],['Fatty acids'],False
C=C(C)[C@@H]1Cc2c(ccc(O)c2O)[C@H]1CC(=O)c1ccc(O)cc1O,['Shikimates and Phenylpropanoids'],['Flavonoids'],['Chalcones'],['Meromonoterpenoids'],['Meroterpenoids'],['Terpenoids'],False
CC(=O)OC/C=C(\C)CC/C=C(\C)CCC=C(C)C,['Fatty acids'],['Fatty esters'],['Wax monoesters'],['Farnesane sesquiterpenoids'],['Sesquiterpenoids'],['Terpenoids'],False
C[C@H]1CC[C@H]2[C@H](C1)C(=O)C=C1COC(=O)[C@@]12C,['Polyketides'],['Cyclic polyketides'],['Oblogolides'],[],[],['Terpenoids'],False
CC=C(C)C(=O)OCC1C2=C(CC3C4C5=C(C(O)C(C)=C(OC)C5O)C(OC5CCC6(C)C(=CCC7C6CCC6(C)C(C(C)CCCC(C)C)CCC76)C5)C(C(C#N)N13)N4C)C(=O)C(C)=C(OC)C2=O,['Alkaloids'],['Tyrosine alkaloids'],['Tetrahydroisoquinoline alkaloids'],[],['Steroids'],['Terpenoids'],False
CCCCCC/C=C\C[C@@H]1C[C@H]1O,['Polyketides'],['Linear polyketides'],['Open-chain polyketides'],[],[],['Fatty acids'],False
C/C=C(\C)C(=O)OCCC(C)CCC=C(C)C,['Fatty acids'],['Fatty esters'],['Wax monoesters'],['Acyclic monoterpenoids'],['Monoterpenoids'],['Terpenoids'],False
COP(N)(=O)OCC1OC(n2c(=O)[nH]c3c(N)ncnc32)C(O)C1O,['Alkaloids'],['Pseudoalkaloids'],['Purine alkaloids'],['Purine nucleos(t)ides'],['Nucleosides'],['Carbohydrates'],False
CC(=O)NC1CC(=O)NC2CCC3(C)C(CCC4C3CC(NC(=O)C(C(C)C)NC(=O)CNC1=O)C1(C)C4CC3OC(CCC(C)COC(=O)c4ccccc4)C(C)C31)C2,['Terpenoids'],['Steroids'],['Furostane steroids'],['Cyclic peptides'],['Oligopeptides'],['Amino acids and Peptides'],False
COc1cc2c(c3c1CC1(C)C(C)CCC4C(C)(C)C(OC(C)=O)CCC41O3)CNC2=O,['Alkaloids'],['Pseudoalkaloids'],['Isoindole alkaloids'],['Tetraketide meroterpenoids'],['Meroterpenoids'],"['Polyketides', 'Terpenoids']",False
COC(=O)c1c(-c2ccc(O)cc2)c(-c2ccc(O)cc2)cn1CC(=O)c1ccc(OC)cc1,['Alkaloids'],['Proline alkaloids'],['Pyrrole alkaloids'],['p-Terphenyls'],['Terphenyls'],['Shikimates and Phenylpropanoids'],False
Cc1cn([C@H]2C[C@H](OP(=O)(O)Oc3c[nH]c4ccc(Br)c(Cl)c34)[C@@H](CO)O2)c(=O)[nH]c1=O,['Carbohydrates'],['Nucleotides'],['Pyrimidine nucleotides'],['Simple indole alkaloids'],['Tryptophan alkaloids'],['Alkaloids'],False
CC(C)=CCOc1cc(C)cc(C(=O)c2cccc(O)c2C=O)c1O,['Terpenoids'],['Meroterpenoids'],['Miscellaneous meroterpenoids'],['Benzophenones'],['Aromatic polyketides'],['Polyketides'],False
CC(=O)c1c(O)c(C)c(O)c(Cc2c3c(c(O)c4c2OC(c2ccccc2)CC4=O)C=CC(C)(C)O3)c1O,['Polyketides'],['Phloroglucinols'],['Dimeric phloroglucinols'],['Flavanones'],['Flavonoids'],['Shikimates and Phenylpropanoids'],False
COc1cccc2c1C(=O)c1c(O)c3c(c(O)c1C2=O)C[C@@](O)(C(C)=O)C[C@@H]3O[C@H]1C[C@H](N)[C@H](O)[C@H](C)O1,['Carbohydrates'],['Aminosugars and aminoglycosides'],['Aminoglycosides'],['Anthracyclines'],['Polycyclic aromatic polyketides'],['Polyketides'],True
COc1cc2c(c(O)c1Cl)C(=O)c1c(O)cc(C)cc1C2=O,['Shikimates and Phenylpropanoids'],['Phenolic acids (C6-C1)'],['Simple phenolic acids'],['Anthraquinones and anthrones'],['Polycyclic aromatic polyketides'],['Polyketides'],False
C/C=C/CC[C@H](O)C[C@@H](O)CCO,['Polyketides'],['Linear polyketides'],['Open-chain polyketides'],['Fatty alcohols'],['Fatty acyls'],['Fatty acids'],False
O=C(O)[C@@H](O)[C@H](O)[C@H](O)C(=O)CO,['Fatty acids'],['Fatty acyls'],['Fatty alcohols'],['Monosaccharides'],['Saccharides'],['Carbohydrates'],False
COc1ccc(CC(C)(N)C(=O)O)cc1,['Alkaloids'],['Tyrosine alkaloids'],['Phenylethylamines'],['Aminoacids'],['Small peptides'],['Amino acids and Peptides'],False
O=C1c2c(O)c(O)c(S(=O)(=O)[O-])c(O)c2C(=O)c2c(O)c(O)c(S(=O)(=O)[O-])c(O)c21,['Shikimates and Phenylpropanoids'],['Flavonoids'],['Anthocyanidins'],['Anthraquinones and anthrones'],['Polycyclic aromatic polyketides'],['Polyketides'],False
COc1cc2c(c3oc(=O)c4c(c13)CCOC4=O)[C@@H]1CCO[C@@H]1O2,['Shikimates and Phenylpropanoids'],['Coumarins'],['Simple coumarins'],['Aflatoxins'],['Chromanes'],['Polyketides'],False
CC[NH+](CCCl)C(c1ccccc1)c1ccccc1,['Polyketides'],['Polyethers'],['Polyether ionophores'],['Phenylalanine-derived alkaloids'],['Pseudoalkaloids'],['Alkaloids'],False
O=C(O)CC1C(C(=O)O)NCC1c1ccc(=O)[nH]c1C(=O)O,['Alkaloids'],['Nicotinic acid alkaloids'],['Pyridine alkaloids'],['Aminoacids'],['Small peptides'],['Amino acids and Peptides'],False
CC(C)CC(NC(=O)C(N)CCCN=C(N)N)C(=O)NC(CCCN=C(N)N)C(=O)NC(CCCN=C(N)N)C(=O)NC(CCCN=C(N)N)C(=O)NCCCCN,['Amino acids and Peptides'],['Oligopeptides'],['Linear peptides'],[],['Ornithine alkaloids'],['Alkaloids'],False
Nc1c(Cl)cccc1C(=O)O,['Shikimates and Phenylpropanoids'],['Phenolic acids (C6-C1)'],['Simple phenolic acids'],['Aminoacids'],['Small peptides'],['Amino acids and Peptides'],False
CC(=CC(=O)O)CCC=CC(C)CCC(O)CC=CC(=O)c1csc(=O)[nH]1,['Amino acids and Peptides'],['Linear polyketides'],['3-acyl tetramic acids'],[],['Linear polyketides'],['Polyketides'],False
CCCCCC(OC1OC(CO)C(O)C(OC2OC(CO)C(O)C(O)C2O)C1OC1OC(CO)C(O)C(O)C1O)C(CCCCCCCC(=O)CCCCCCCCCCCCC(=O)NCCCCNC(=N)N)OC(=O)CC(C)C,['Alkaloids'],['Ornithine alkaloids'],['Polyamines'],['Glycerophosphoinositolglycans'],['Glycerophospholipids'],['Fatty acids'],True
CCC(C)CCCC(C)CCCC(C)CC,['Terpenoids'],['Sesquiterpenoids'],['Farnesane sesquiterpenoids'],['Hydrocarbons'],['Fatty acyls'],['Fatty acids'],False
COC(=O)c1c(O)cc(C)cc1O,['Polyketides'],['Aromatic polyketides'],['Depsides and depsidones'],['Simple phenolic acids'],['Phenolic acids (C6-C1)'],['Shikimates and Phenylpropanoids'],False
CC1C2(CCC(C)(O)CO2)OC2C=C3C4C(O)CC5Cc6nc7c(nc6CC5(C)C4CC(O)C3(C)C21O)CC1CCC2C(CC(=O)C3(C)C4CC5(CCC(C)(C)O5)OC4CC23O)C1(C)C7,['Amino acids and Peptides'],['Peptide alkaloids'],['Pyrazine and Piperazine alkaloids'],['Steroidal alkaloids'],['Pseudoalkaloids'],['Alkaloids'],False
Cc1ccc2c(c1C(=O)c1c(C)oc3c1c(C)c1c4c(ccc(C)c43)C(C)(C)O1)C(=O)OC2(C)C,['Terpenoids'],['Sesquiterpenoids'],['Cadinane sesquiterpenoids'],[],[],['Polyketides'],False
CCCCCCCCCCCCC=CCC(=O)O,['Shikimates and Phenylpropanoids'],['Phenylethanoids (C6-C2)'],['Phenylethanoids'],['Unsaturated fatty acids'],['Fatty Acids and Conjugates'],['Fatty acids'],False
CC1=CC(O)C(C(C)C)CC1,['Shikimates and Phenylpropanoids'],['Lignans'],['Furofuranoid lignans'],['Menthane monoterpenoids'],['Monoterpenoids'],['Terpenoids'],False
CC(C)C/C=C/C=C/C(=O)NC1=C[C@@](O)(/C=C/C=C/C=C/C(=O)NC2=C(O)CCC2=O)[C@@H]2O[C@@H]2C1=O,['Fatty acids'],['Fatty amides'],['N-acyl amines'],['Linear polyenes'],['Linear polyketides'],['Polyketides'],False
Cc1cc2cc(O)cc3oc(C)cc(n1)c23,['Alkaloids'],['Tyrosine alkaloids'],['Isoquinoline alkaloids'],['Chromones'],['Chromanes'],['Polyketides'],False
CC1CCCC=CC=CC(O)CC(O)CC=CC=CC(OC2OC(CO)C(O)C(O)C2O)CC=CC=CC(=O)O1,['Polyketides'],['Macrolides'],['Polyene macrolides'],['Lactones'],['Fatty esters'],['Fatty acids'],True
CC[C@H](OC)[C@H](C)CCCC[C@@H](O)C[C@@H](O)CCCCCCCCCCCCCCCCCCc1ccc(O)cc1,['Fatty acids'],['Fatty acyls'],['Fatty alcohols'],['Catechols with side chains'],['Aromatic polyketides'],['Polyketides'],False
Cc1c2cc3c(c1O)C(=O)C[C@H](O3)c1ccc(O)c(c1)-c1ccc(O)c(c1)C(=O)OCC1O[C@@H](O2)[C@@H](O)C(O)[C@@H]1O,['Polyketides'],['Chromanes'],['Chromones'],['Flavanones'],['Flavonoids'],['Shikimates and Phenylpropanoids'],False
CCCC[C@@H](C)[C@@H](OC(=O)CC(CC(=O)O)C(=O)O)[C@H](C[C@@H](C)C[C@H](O)CCCC[C@@H](O)C[C@H](O)[C@H](C)NC(C)=O)OC(=O)CC(CC(=O)O)C(=O)O,['Fatty acids'],['Sphingolipids'],['Sphingoid bases'],['Open-chain polyketides'],['Linear polyketides'],['Polyketides'],False
CC1(C)O[C@]23[C@H](OC(=O)c4cccnc4)[C@H]1C[C@@H](OC(=O)c1ccccc1)[C@]2(C)[C@@H](OC(=O)c1ccccc1)CC[C@]3(C)O,['Alkaloids'],['Nicotinic acid alkaloids'],['Pyridine alkaloids'],['Agarofuran sesquiterpenoids'],['Sesquiterpenoids'],['Terpenoids'],False
CCC(C)CCCC(C)CCCC(C)CCCC(C)C,['Terpenoids'],['Diterpenoids'],['Phytane diterpenoids'],['Hydrocarbons'],['Fatty acyls'],['Fatty acids'],False
CCCC1c2nc(-c3ccc4c(n3)C(CCC)C3CC4C3(C)C)ccc2C2CC1C2(C)C,['Terpenoids'],['Monoterpenoids'],['Pinane monoterpenoids'],[],[],['Alkaloids'],False
CC(=O)Oc1cc(OC(C)=O)cc(Oc2c(OC(C)=O)c(-c3c(OC(C)=O)cc(OC(C)=O)cc3OC(C)=O)c(OC(C)=O)c(-c3c(OC(C)=O)cc(OC(C)=O)cc3OC(C)=O)c2OC(C)=O)c1,['Shikimates and Phenylpropanoids'],['Terphenyls'],['m-Terphenyls'],['Oligomeric phloroglucinols (phlorotannins)'],['Phloroglucinols'],['Polyketides'],False
COc1ccc(C=CC(=O)Nc2ccccc2C(=O)O)cc1,['Amino acids and Peptides'],['Phenylpropanoids (C6-C3)'],['Cinnamic acid amides'],['Anthranillic acid derivatives'],['Anthranilic acid alkaloids'],['Alkaloids'],False
CCCC[C@@H](C)[C@@H](OC(=O)CC(CC(=O)O)C(=O)O)[C@H](C[C@@H](C)CCCCCCCC[C@H](O)CN)OC(=O)CC(CC(=O)O)C(=O)O,['Fatty acids'],['Sphingolipids'],['Sphingoid bases'],['Open-chain polyketides'],['Linear polyketides'],['Polyketides'],False
C=C1[C@H]2CC[C@@]3(CC(=O)[C@@H]4[C@@]5(C)CCC[C@@]4([C@@H]4O[C@H]6C(=O)OC[C@H]6N4C5)[C@@H]3C2)[C@@H]1O,['Alkaloids'],['Pseudoalkaloids'],['Terpenoid alkaloids'],"['Atisane diterpenoids', 'Terpenoid alkaloids']","['Pseudoalkaloids', 'Diterpenoids']",['Terpenoids'],False
CC(=O)OC/C=C(\C)CCC=C(C)C,['Fatty acids'],['Fatty esters'],['Wax monoesters'],['Acyclic monoterpenoids'],['Monoterpenoids'],['Terpenoids'],False
C=C1/C=C(\C)[C@H](CC)OC(=O)[C@H](C)C(=O)C(O)(CO)C/C(C)=C/[C@@H](C)C1,['Terpenoids'],['Triterpenoids'],['Cycloartane triterpenoids'],['Erythromycins'],['Macrolides'],['Polyketides'],False
CCCCCCCCCCCCCC(O)C(O)C(O)CCC(O)C1CCC(CCCCCC(O)CC2=CC(C)OC2=O)O1,['Fatty acids'],['Fatty acyls'],['Resin glycosides'],['Acetogenins'],['Linear polyketides'],['Polyketides'],False
C[C@H](CN)C(=O)O,['Fatty acids'],['Fatty Acids and Conjugates'],['Amino fatty acids'],['Aminoacids'],['Small peptides'],['Amino acids and Peptides'],False
N=C1C(C(N)=O)=C(O)C(Nc2cc(-c3nc4c(O)cccc4c(=O)[nH]3)ccc2O)C(O)C1O,['Carbohydrates'],['Polyols'],['Amino cyclitols'],[],['Anthranilic acid alkaloids'],['Alkaloids'],False
C=C(C)C1CCC2(C)C(CC=C(C)C23Oc2cc(-c4cccnc4)oc(=O)c2C3O)C12CCC(=O)OC2,['Alkaloids'],['Nicotinic acid alkaloids'],['Pyridine alkaloids'],['Triketide meroterpenoids'],['Meroterpenoids'],"['Polyketides', 'Terpenoids']",False
CC(C)=CCNc1nc(S)nc2c1ncn2[C@@H]1O[C@H](COP(=O)(O)O)[C@@H](O)[C@H]1O,['Carbohydrates'],['Nucleotides'],['Purine nucleotides'],['Purine alkaloids'],['Pseudoalkaloids'],['Alkaloids'],False
COc1cc2c(c3oc(=O)c4c(c13)CCC4O)[C@@H]1C=CO[C@@H]1O2,['Shikimates and Phenylpropanoids'],['Coumarins'],['Furocoumarins'],['Aflatoxins'],['Chromanes'],['Polyketides'],False
CC(CN)CCC1(O)OC2CC3C4CCC5CC(OC6OC(CO)C(OC7OC(CO)C(O)C(OC8OCC(O)C(O)C8O)C7OC7OC(CO)C(O)C(O)C7O)C(O)C6O)CCC5(C)C4CCC3(C)C2C1C,['Alkaloids'],['Pseudoalkaloids'],['Steroidal alkaloids'],['Furostane steroids'],['Steroids'],['Terpenoids'],True
CC(=O)O[C@@H]1CC(=C(Cl)Cl)[C@@H](O)[C@@]2(C)C(=O)O[C@@H](C(Cl)(Cl)Cl)C[C@]12O,['Shikimates and Phenylpropanoids'],['Coumarins'],['Isocoumarins'],[],[],['Terpenoids'],False
Cc1cc(=O)c2c(O)cc(OC(=O)c3ccc(Br)cc3)c(C3CCN(C)CC3OC(=O)c3ccc(Br)cc3)c2o1,['Alkaloids'],['Lysine alkaloids'],['Piperidine alkaloids'],['Chromones'],['Chromanes'],['Polyketides'],False
C=C1CC(O)C2C(OC(=O)C2(O)CO)C2C(C)C(=O)CC12,['Shikimates and Phenylpropanoids'],['Lignans'],['Neolignans'],['Guaiane sesquiterpenoids'],['Sesquiterpenoids'],['Terpenoids'],False
CC(C)=CCNc1ncnc2c1ncn2[C@@H]1O[C@H](COP(=O)(O)OP(=O)(O)OP(=O)(O)O)[C@@H](O)[C@H]1O,['Carbohydrates'],['Nucleotides'],['Purine nucleotides'],['Purine alkaloids'],['Pseudoalkaloids'],['Alkaloids'],False
CCOC(=O)c1c(C)cc(O)cc1O,['Polyketides'],['Aromatic polyketides'],['Depsides and depsidones'],"['Shikimic acids and derivatives', 'Simple phenolic acids']",['Phenolic acids (C6-C1)'],['Shikimates and Phenylpropanoids'],False
CCCCCCCCCCCCCCCC(=O)OP(=O)(O)OC[C@H]1O[C@@H](n2cnc3c(N)ncnc32)[C@H](O)[C@@H]1O,['Carbohydrates'],['Nucleotides'],['Purine nucleotides'],['Fatty acyl CoAs'],['Fatty esters'],['Fatty acids'],False
NCCCCCCCCNP(=O)(O)OP(=O)(O)OP(=O)(O)OC[C@H]1O[C@@H](n2cnc3c(=O)[nH]c(N)nc32)[C@H](O)[C@@H]1O,['Carbohydrates'],['Nucleotides'],['Purine nucleotides'],[],[],['Alkaloids'],False
CCC(CCC(C)C1CCC2C3CC=C4CC(O)CCC4(C)C3CCC12C)C(C)C,['Shikimates and Phenylpropanoids'],['Lignans'],['Furanoid lignans'],['Stigmastane steroids'],['Steroids'],['Terpenoids'],False
CC(CCC(O)C(O)C(O)COC1OC(CO)C(O)C(O)C1N)C1CCC2(C)C1CCC1(C)C2CCC2C3(C)CCCC(C)(C)C3CCC21C,['Carbohydrates'],['Aminosugars and aminoglycosides'],['Aminosugars'],['Hopane and Moretane triterpenoids'],['Triterpenoids'],['Terpenoids'],True
CC[C@H](C)[C@H](N)C(=O)O,['Fatty acids'],['Fatty Acids and Conjugates'],['Amino fatty acids'],['Aminoacids'],['Small peptides'],['Amino acids and Peptides'],False
CCC1CC(C)C2(NC1=O)OC(CC(O)C(C)CCC=CC=C(C)C1CC=CC=CC(O)C(C)C(O)C(CCC(C)=O)C(=O)NC(C(C)C)C(=O)NC(Cc3cccc(O)c3)C(=O)N3CCCC(N3)C(=O)O1)C(C)C(O)C2C,['Polyketides'],['Oligopeptides'],['Depsipeptides'],[],['Macrolides'],['Amino acids and Peptides'],False
Nc1ncnc2c1nc(N1CCCCC1)n2[C@@H]1O[C@@H]2COP(=O)(O)O[C@H]2[C@H]1O,['Carbohydrates'],['Nucleotides'],['Purine nucleotides'],[],['Pseudoalkaloids'],['Alkaloids'],False
C=C(C)C1CC=C(C)C(CCC2C(=C)CCC3C(C)(C)C(OC4OC(CO)C(O)C(O)C4NC(C)=O)CCC23C)C1(C)CCC(=O)O,['Carbohydrates'],['Aminosugars and aminoglycosides'],['Aminosugars'],['Onocerane triterpenoids'],['Triterpenoids'],['Terpenoids'],True
O=c1c(C2OCCC2O)coc2cc(O)cc(O)c12,['Shikimates and Phenylpropanoids'],['Isoflavonoids'],['Isoflavones'],['Chromones'],['Chromanes'],['Polyketides'],False
COC(=O)CC(C)CCC=C(C)C,['Fatty acids'],['Fatty esters'],['Wax monoesters'],['Acyclic monoterpenoids'],['Monoterpenoids'],['Terpenoids'],False
COC(=O)c1c(C)cc(O)cc1O,['Polyketides'],['Aromatic polyketides'],['Depsides and depsidones'],"['Shikimic acids and derivatives', 'Simple phenolic acids']",['Phenolic acids (C6-C1)'],['Shikimates and Phenylpropanoids'],False
O=C1NC2C(O)C(O)C(O)C(CO)N2C1=O,['Alkaloids'],['Histidine alkaloids'],['Imidazole alkaloids'],[],[],['Carbohydrates'],False
COc1cc(CNC(=O)CCCC/C=C/C(C)C)ccc1O,['Fatty acids'],['Fatty amides'],['N-acyl amines'],"['Capsaicins and Capsaicinoids', 'Phenylalanine-derived alkaloids']",['Pseudoalkaloids'],['Alkaloids'],False
CSC12CC3=CC=CC(O)C3N1C(=O)C1(SC)CC3=CC=CC(OC(C)=O)C3N1C2=O,['Shikimates and Phenylpropanoids'],['Coumarins'],['Isocoumarins'],['Thiodiketopiperazine alkaloids'],['Peptide alkaloids'],"['Alkaloids', 'Amino acids and Peptides']",False
CC(C)=CCC/C(C)=C/COC=O,['Fatty acids'],['Fatty esters'],['Wax monoesters'],['Acyclic monoterpenoids'],['Monoterpenoids'],['Terpenoids'],False
CCCCCCCCCCCCCCCCCCCCCCCCCC(=O)NC(CNC1CC(O)C(O)C(O)C1O)C(O)C(O)CCCCCCCCCCCCCC,['Carbohydrates'],['Polyols'],['Amino cyclitols'],[],[],['Fatty acids'],False
COc1cc2c(c3oc(=O)c4c(c13)CCC4=O)[C@H]1[C@@H](O2)O[C@@H](O)[C@@H]1O,['Shikimates and Phenylpropanoids'],['Coumarins'],['Simple coumarins'],['Aflatoxins'],['Chromanes'],['Polyketides'],True
CCC(=O)C1=CN(CCC(C)C)C(C(C)=CC(C)CC)C(C)(O)C1=O,['Amino acids and Peptides'],['Linear polyketides'],['3-acyl tetramic acids'],[],[],"['Polyketides', 'Terpenoids']",False
C[C@H](N)CC(=O)CC(=O)O,['Fatty acids'],['Fatty Acids and Conjugates'],['Oxo fatty acids'],['Aminoacids'],['Small peptides'],['Amino acids and Peptides'],False
CC(=O)NC1C(OP(=O)(O)OP(=O)(O)OCC=C(C)CCC=C(C)CCC=C(C)CCC=C(C)CCC=C(C)CCC=C(C)CCC=C(C)CCC=C(C)CCC=C(C)CCC=C(C)CCC=C(C)C)OC(CO)C(O)C1O,['Carbohydrates'],['Aminosugars and aminoglycosides'],['Aminosugars'],['Bactoprenols'],['Polyprenols'],['Terpenoids'],True
CC(=CC(C(C)C)N(C)C(=O)C(NC(=O)C1N(C)Cc2c(c3ccccc3n2C)C1(C)C)C(C)(C)C)C(=O)O,['Alkaloids'],['Tryptophan alkaloids'],['Carboline alkaloids'],['Tripeptides'],['Small peptides'],['Amino acids and Peptides'],False
C=CC(=C)CC/C=C(\C)CCC=C(C)C,['Fatty acids'],['Fatty acyls'],['Hydrocarbons'],['Farnesane sesquiterpenoids'],['Sesquiterpenoids'],['Terpenoids'],False
COc1cc(O)c2c(=O)c3c(O)c(O)ccc3oc2c1,['Shikimates and Phenylpropanoids'],['Xanthones'],['Plant xanthones'],"['Methyl xanthones', 'Plant xanthones']",['Xanthones'],['Polyketides'],False
O=C[C@@H](O)[C@@H](O)CC(=O)C(=O)O,['Fatty acids'],['Fatty Acids and Conjugates'],['Hydroxy fatty acids'],['Monosaccharides'],['Saccharides'],['Carbohydrates'],False
NCCCCNC(=O)C(CCCN(O)C=O)NC(=O)C(CCN)NC(=O)C(NC(=O)C(CO)NC(=O)CC(O)C(N)CO)C(O)C(=O)O,['Amino acids and Peptides'],['Oligopeptides'],['Linear peptides'],[],[],['Alkaloids'],False
CC1CCC2C(C)(C)C(O)CCC23Oc2c(c(O)cc4c2CNC4=O)CC13C,['Alkaloids'],['Pseudoalkaloids'],['Isoindole alkaloids'],['Tetraketide meroterpenoids'],['Meroterpenoids'],"['Polyketides', 'Terpenoids']",False
Nc1nc(OCc2ccccc2)c2ncn([C@H]3C[C@H](O)[C@@H](COP(=O)(O)O)O3)c2n1,['Carbohydrates'],['Nucleotides'],['Purine nucleotides'],[],[],['Alkaloids'],False
NC(=O)C(CCCCNC(=O)CCCc1c[nH]c2ccccc12)NC(=O)C(N)CCCCNC(=O)C(N)CCCCNC(=O)CCCCCNC(=O)c1ccc([N+](=O)[O-])o1,['Amino acids and Peptides'],['Small peptides'],['Tripeptides'],['Polyamines'],['Ornithine alkaloids'],['Alkaloids'],False
CC1NC(=O)C(Cc2ccccc2)NC(=O)C(NC(=O)C(Cc2ccccc2)NC(=O)c2ccc[nH]2)C(C)OC(=O)C(c2cc(O)cc(O)c2)NC(=O)C(c2cc(O)cc(O)c2)NC1=O,['Polyketides'],['Oligopeptides'],['Depsipeptides'],"['Cyclic peptides', 'Depsipeptides']",['Oligopeptides'],['Amino acids and Peptides'],False
Nc1nc2c(nc(Sc3ccc(Cl)cc3)n2[C@@H]2O[C@@H]3COP(=O)(O)O[C@H]3[C@H]2O)c(=O)[nH]1,['Carbohydrates'],['Nucleotides'],['Purine nucleotides'],[],[],['Alkaloids'],False
CCC(C)CCCC(C)CCCC(C)C,['Terpenoids'],['Sesquiterpenoids'],['Farnesane sesquiterpenoids'],['Hydrocarbons'],['Fatty acyls'],['Fatty acids'],False
O=C(/C=C/C=C/C=C/C1CCCCC1)NC1=C[C@@](O)(/C=C/C=C/C=C/C(=O)NC2=C(O)CCC2=O)[C@@H]2O[C@@H]2C1=O,['Fatty acids'],['Fatty amides'],['N-acyl amines'],['Linear polyenes'],['Linear polyketides'],['Polyketides'],False
CC(NC(=O)OC(C)(C)C)C(=O)C(N)=O,['Fatty acids'],['Fatty amides'],['Primary amides'],[],[],"['Alkaloids', 'Amino acids and Peptides']",False
CC(C)=CCC/C(C)=C/CCC(C)CC=O,['Fatty acids'],['Fatty acyls'],['Fatty aldehydes'],['Farnesane sesquiterpenoids'],['Sesquiterpenoids'],['Terpenoids'],False
CCCCCc1cc(OCCC2CNCCO2)c2c(c1)OC(C)(C)C1CCC(C)=CC21,['Terpenoids'],['Meroterpenoids'],['Cannabinoids'],['Cannabinoids'],['Meroterpenoids'],['Polyketides'],False
CC1=C2OCC(C)c3ccc(C)c(c32)C(=O)C1=O,['Polyketides'],['Naphthalenes'],['Naphthoquinones'],['Cadinane sesquiterpenoids'],['Sesquiterpenoids'],['Terpenoids'],False
O=C(c1ccc(O)cc1)c1cncc(-c2ccc(O)cc2)n1,['Amino acids and Peptides'],['Peptide alkaloids'],['Pyrazine and Piperazine alkaloids'],[],[],['Alkaloids'],False
CCCCCCCCCCCC(O)CC(=O)NC1C(OP(=O)(O)O)OC(CO)C(O)C1OC(=O)CC(O)CCCCCCCCCCC,['Carbohydrates'],['Aminosugars and aminoglycosides'],['Aminosugars'],[],[],['Fatty acids'],True
O=C1c2c(O)c(O)c(S(=O)(=O)O)c(O)c2C(=O)c2c(O)c(O)c(S(=O)(=O)O)c(O)c21,['Shikimates and Phenylpropanoids'],['Flavonoids'],['Anthocyanidins'],['Anthraquinones and anthrones'],['Polycyclic aromatic polyketides'],['Polyketides'],False
N[C@H]1[C@@H](O[C@@H](CC(=O)O)C(=O)O)O[C@H](CO)[C@@H](O)[C@@H]1O,['Fatty acids'],['Fatty acyl glycosides'],['Fatty acyl glycosides of mono- and disaccharides'],['Aminosugars'],['Aminosugars and aminoglycosides'],['Carbohydrates'],True
CC(C)=CC[C@H]1OC(=O)C[C@@H]1C,['Fatty acids'],['Fatty esters'],['Lactones'],['Acyclic monoterpenoids'],['Monoterpenoids'],['Terpenoids'],False
CC1CN=C(C(=O)[C@@H](C)[C@H]2CC[C@H]3[C@@H]4CC[C@H]5C(=O)[C@@H](O)CC[C@]5(C)[C@H]4CC[C@@]32C)C1,['Alkaloids'],['Pseudoalkaloids'],['Steroidal alkaloids'],[],['Steroids'],['Terpenoids'],False
CCCCCCCCCCCC(=O)OC/C=C(\C)CC/C=C(\C)CCC=C(C)C,['Fatty acids'],['Fatty esters'],['Wax monoesters'],['Acyclic monoterpenoids'],['Monoterpenoids'],['Terpenoids'],False
CCC[C@H](N)C(=O)O,['Fatty acids'],['Fatty Acids and Conjugates'],['Amino fatty acids'],['Aminoacids'],['Small peptides'],['Amino acids and Peptides'],False
CCC12CCC34COC56CCC3CN1C(c1ccc(CO)o1)C51C(CC6)C(C(=O)OC)CC421,['Alkaloids'],['Pseudoalkaloids'],['Terpenoid alkaloids'],[],['Diterpenoids'],['Terpenoids'],False
O=C1c2cccc(O)c2C(=O)c2c(O)cc(CO)cc21,['Shikimates and Phenylpropanoids'],['Flavonoids'],['Chalcones'],['Anthraquinones and anthrones'],['Polycyclic aromatic polyketides'],['Polyketides'],False
NCCCC(N)CC(=O)NC1C(NC2=NC(C(=O)O)C(C(O)CN)N2)OC(CO)C(OC(N)=O)C1O,['Amino acids and Peptides'],['Small peptides'],['Aminoacids'],['Streptothricins and derivatives'],['Nucleosides'],['Carbohydrates'],True
CNC(=O)CCC(=O)C(=O)O,['Fatty acids'],['Fatty amides'],['N-acyl amines'],['Aminoacids'],['Small peptides'],['Amino acids and Peptides'],False
COC(=O)C(CCCCCC(Cl)Cl)C(CCCC#CC=C(Cl)Cl)NC(C)=O,['Fatty acids'],['Fatty Acids and Conjugates'],['Halogenated fatty acids'],['Simple amide alkaloids'],['Peptide alkaloids'],['Alkaloids'],False
C=C1[C@H]2CC[C@@]3(CC[C@H]4[C@@]5(CCC[C@@]4(C)CN4[C@@H](COC6(C)CC(C)C(=O)C(C)C6)[C@@H](C(=O)O)O[C@H]45)[C@@H]3C2)[C@@H]1O,['Alkaloids'],['Pseudoalkaloids'],['Terpenoid alkaloids'],[],['Diterpenoids'],['Terpenoids'],False
CCC1NC(=O)c2csc(n2)C(C)NC(=O)C(Cc2ccccc2)N(C)C(=O)C(C(C)C)N(C)C(=O)C(C)OC(=O)C1C,['Polyketides'],['Oligopeptides'],['Depsipeptides'],"['Cyclic peptides', 'Depsipeptides']",['Oligopeptides'],['Amino acids and Peptides'],False
CC1(C(=O)O)CC2CC3C(=O)C(O)=C(n4cnc5[nH]c(=O)[nH]c(=O)c54)C3(C)C2C1,['Terpenoids'],['Sesquiterpenoids'],['Hirsutane sesquiterpenoids'],[],[],['Alkaloids'],False
CCCCCC(=O)OCCC(C)CCC=C(C)C,['Fatty acids'],['Fatty esters'],['Wax monoesters'],['Acyclic monoterpenoids'],['Monoterpenoids'],['Terpenoids'],False
O=C1c2ccc(O)cc2OC[C@@H]1O,['Polyketides'],['Chromanes'],['Chromones'],[],['Isoflavonoids'],['Shikimates and Phenylpropanoids'],False
CCCCCC(CCCCCCCCCC(=O)OC1C(O)C(CO)OC2OC3C(OC(CCCCC)CCCCCCCCCC(=O)OC4C(OC(C)C(O)C4O)OC21)OC(C)C(O)C3O)OC1OC(C)C(O)C(O)C1OC1OC(CO)C(O)C(O)C1OC1OC(C)C(O)C(O)C1O,['Carbohydrates'],['Saccharides'],['Polysaccharides'],['Resin glycosides'],['Fatty acyls'],['Fatty acids'],True
O=C(c1ccc(O)cc1)c1ncc(-c2ccc(O)cc2)nc1C(=O)c1ccc(O)cc1,['Amino acids and Peptides'],['Peptide alkaloids'],['Pyrazine and Piperazine alkaloids'],[],[],['Alkaloids'],False
C=CC1C2C=C(C)CC1(N)c1ccc(=O)[nH]c1C2,['Alkaloids'],['Pseudoalkaloids'],['Terpenoid alkaloids'],['Terpenoid alkaloids'],['Pseudoalkaloids'],['Terpenoids'],False
CCCCCC=CCCCCCCCCC(=O)C1=C(O)CCCC1=O,['Terpenoids'],['Meroterpenoids'],['Polyprenylated cyclic polyketides (Hop meroterpenoids)'],['Polyprenylated cyclic polyketides (Hop meroterpenoids)'],['Meroterpenoids'],['Polyketides'],False
COc1cc2c(c(O)c1O)C(=O)C(=O)C=C2,['Shikimates and Phenylpropanoids'],['Coumarins'],['Simple coumarins'],['Naphthoquinones'],['Naphthalenes'],['Polyketides'],False
CCCCC(=O)OCCC(C)CCC=C(C)C,['Fatty acids'],['Fatty esters'],['Wax monoesters'],['Acyclic monoterpenoids'],['Monoterpenoids'],['Terpenoids'],False
CC1CC12c1ccc3c(ccc4ccc(O)cc43)c1CC2O,['Terpenoids'],['Steroids'],['Estrane steroids'],['Phenanthrenes'],['Phenanthrenoids'],['Shikimates and Phenylpropanoids'],False
C=CC(C)(O)CCC=C(C)C(=O)OCC1OC(OC(C)C=CC2(O)C(C)=CC(=O)CC2(C)C)C(O)C(O)C1O,['Alkaloids'],['Tryptophan alkaloids'],['Simple oxindole alkaloids'],[],[],['Terpenoids'],True
CCCCCC/C=C\CC(C)CC(=O)O,['Polyketides'],['Linear polyketides'],['Open-chain polyketides'],['Branched fatty acids'],['Fatty Acids and Conjugates'],['Fatty acids'],False
COC1=C(O)C(=O)C(C=Cc2ccccc2)=C(O)C1=O,['Polyketides'],['Cyclic polyketides'],['Simple cyclic polyketides'],['Monomeric stilbenes'],['Stilbenoids'],['Shikimates and Phenylpropanoids'],False
CC(O)(CC(=O)O)CC(=O)OCC1=C[C@@]2(O)[C@H](C[C@@H]3[C@@]4(C)CCCC(C)(C)[C@@H]4CC[C@@]32C)C(=O)C1=O,['Polyketides'],['Meroterpenoids'],['Tetraketide meroterpenoids'],[],[],['Terpenoids'],False
[C]C([C])=[C]C(=O)[C]C([C])([O])[C]1[C]Oc2oc3cccc([C])c3c(=O)c21,['Polyketides'],['Chromanes'],['Chromones'],['Simple coumarins'],['Coumarins'],['Shikimates and Phenylpropanoids'],False
CC(C)=CCNc1ncnc2c1ncn2[C@@H]1O[C@H](COP(=O)(O)OP(=O)(O)O)[C@@H](O)[C@H]1O,['Carbohydrates'],['Nucleotides'],['Purine nucleotides'],['Purine alkaloids'],['Pseudoalkaloids'],['Alkaloids'],False
COc1c(C)c(=O)c2oc3cccc(O)c3ccc=2c1=O,['Shikimates and Phenylpropanoids'],['Stilbenoids'],['Monomeric stilbenes'],[],['Xanthones'],['Polyketides'],False
CC(CO)C12CCC3(C)CCC4(C)C(O)C=C(CO)C(C(=O)Oc5ccccc5)CC4C31O2,['Shikimates and Phenylpropanoids'],['Terphenyls'],['p-Terphenyls'],[],['Diterpenoids'],['Terpenoids'],False
CC1=CCCC2C(C)(CCC(=CCO)CO)C(C)CC(O)C12CO,['Polyketides'],['Phloroglucinols'],['Dimeric phloroglucinols'],['Colensane and Clerodane diterpenoids'],['Diterpenoids'],['Terpenoids'],False
CC(C)=CCNc1ncnc2c1ncn2[C@@H]1O[C@H](COP(=O)(O)O)[C@@H](O)[C@H]1O,['Carbohydrates'],['Nucleotides'],['Purine nucleotides'],['Purine alkaloids'],['Pseudoalkaloids'],['Alkaloids'],False
O=C1Oc2ccccc2Oc2ccccc21,['Polyketides'],['Aromatic polyketides'],['Depsides and depsidones'],[],[],['Shikimates and Phenylpropanoids'],False
CCC12CCC3(CO)N1CC1CCC45CCC6C(CC2(C1)C643)C(=O)O5,['Alkaloids'],['Pseudoalkaloids'],['Terpenoid alkaloids'],[],['Diterpenoids'],['Terpenoids'],False
CCC(C)C(O)C(=O)NC(CC(C)C)C(=O)N(C)C(CCC(N)=O)C(=O)NC(CC(C)C)C(O)CC(=O)NC(C(=O)NCC(=O)N(C)C(Cc1ccccc1)C(=O)N1CCCC1C(=O)OC)C(C)CC,['Polyketides'],['Oligopeptides'],['Depsipeptides'],"['Linear peptides', 'Lipopeptides']",['Oligopeptides'],['Amino acids and Peptides'],False
CCCCCC/C=C/C=C/[C@@H]1CCC[C@H]2CC[C@@H](O)[C@H](C)N12,['Fatty acids'],['Sphingolipids'],['Sphingoid bases'],['Piperidine alkaloids'],['Lysine alkaloids'],['Alkaloids'],False
CC(C)=CCC/C(C)=C/CC/C(C)=C/CC/C(C)=C/CC/C(C)=C/CO,['Fatty acids'],['Fatty acyls'],['Fatty alcohols'],['Acyclic triterpenoids'],['Triterpenoids'],['Terpenoids'],False
COc1cccc2cc3c(c(OC4OC(CO)C(O)C(O)C4O)c12)C(C)OC3=O,['Alkaloids'],['Histidine alkaloids'],['Imidazole alkaloids'],['Naphthalenes and derivatives'],['Naphthalenes'],['Polyketides'],True
COc1nc2c3c(ccc2c(OC)c1CC1OC1(C)C)OCO3,['Alkaloids'],['Anthranilic acid alkaloids'],['Quinoline alkaloids'],[],[],['Shikimates and Phenylpropanoids'],False
COC1=CC2=CCC(=NC(C)=O)C3=CC(=O)C4(OC)C=CC3(O4)C2C(OC)=C1OC,['Alkaloids'],['Tyrosine alkaloids'],['Phenethylisoquinoline alkaloids'],[],[],['Polyketides'],True
Nc1ccccc1C(=O)OC1OC(CO)C(O)C(O)C1O,['Alkaloids'],['Anthranilic acid alkaloids'],['Anthranillic acid derivatives'],['Simple phenolic acids'],['Phenolic acids (C6-C1)'],['Shikimates and Phenylpropanoids'],True
CCC(=O)OCC=C(C)CCC=C(C)CCC=C(C)C,['Terpenoids'],['Sesquiterpenoids'],['Farnesane sesquiterpenoids'],['Wax monoesters'],['Fatty esters'],['Fatty acids'],False
CC(C)=CCCC(C)=CCCC(C)=CCOc1c(O)cc(C=O)c(C=O)c1O,['Polyketides'],['Meroterpenoids'],['Tetraketide meroterpenoids'],['Tetraketide meroterpenoids'],['Meroterpenoids'],['Terpenoids'],False
CC1C2C(CC3(C(=O)CC4C3CCC3Cc5nc6c(nc5CC34C)CC3CCC4C(CC(=O)C45CC4OC7(CCC(C)(C)O7)C(C)C4C5(C)O)C3(C)C6)C2(C)O)OC12CCC(C)(C)O2,['Amino acids and Peptides'],['Peptide alkaloids'],['Pyrazine and Piperazine alkaloids'],['Steroidal alkaloids'],['Pseudoalkaloids'],"['Alkaloids', 'Terpenoids']",False
CCCC[C@@H](C)[C@@H](OC(=O)C[C@H](CC(=O)O)C(=O)O)[C@H](C[C@@H](C)C[C@H](O)CCCC[C@@H](O)C[C@H](O)[C@H](C)N)OC(=O)C[C@H](CC(=O)O)C(=O)O,['Fatty acids'],['Sphingolipids'],['Sphingoid bases'],['Open-chain polyketides'],['Linear polyketides'],['Polyketides'],False
CC1=CCC2C(C)(C)C(O)CCC2(C)C1COc1ccc2ccc(=O)oc2c1,['Terpenoids'],['Sesquiterpenoids'],['Drimane sesquiterpenoids'],['Simple coumarins'],['Coumarins'],['Shikimates and Phenylpropanoids'],False
COC(=O)C1OC12C(C)(C(=O)c1ccoc1)CCC(C(C)O)C2(C)C(=O)C=C1C=CC(=O)OC1(C)C,['Terpenoids'],['Sesquiterpenoids'],['Perforane sesquiterpenoids'],[],[],['Polyketides'],False
O=C1C(N2CCCC2)=CC(=O)c2c(O)c(N3CCCC3)c(Cl)c(O)c21,['Polyketides'],['Naphthalenes'],['Naphthoquinones'],[],['Lysine alkaloids'],['Alkaloids'],False
CCCCCCCCCCCCCCCC(=O)OC/C=C(C)/C=C\C=C(C)\C=C\C1=C(C)CCCC1(C)C,['Terpenoids'],['Apocarotenoids'],['Apocarotenoids (-)'],['Wax monoesters'],['Fatty esters'],['Fatty acids'],False
CC(=O)OC1CC(=O)C=C2CC(O)C3C4CCC(C(C)C5CC6(C)OC(c7cccnc7)(O5)OC6(C)C)C4(C)CCC3C21C,['Alkaloids'],['Nicotinic acid alkaloids'],['Pyridine alkaloids'],['Ergostane steroids'],['Steroids'],['Terpenoids'],False
COc1c(O)ccc2oc3cccc(O)c3c(=O)c12,['Shikimates and Phenylpropanoids'],['Xanthones'],['Plant xanthones'],"['Methyl xanthones', 'Plant xanthones']",['Xanthones'],['Polyketides'],False
CCC=C(C)CC,['Terpenoids'],['Diterpenoids'],['Jatrophane diterpenoids'],['Hydrocarbons'],['Fatty acyls'],['Fatty acids'],False
CC1Cc2ccccc2C(=O)Cc2c(Cl)c(O)cc(O)c2C(=O)O1,['Polyketides'],['Macrolides'],['Zearalenones'],['Isocoumarins'],['Coumarins'],['Shikimates and Phenylpropanoids'],False
CC(=O)NC1Cc2cn(c3ccccc23)C(=O)c2ccccc2NC(=O)C2CCCN2C1=O,['Amino acids and Peptides'],['Oligopeptides'],['Cyclic peptides'],['Benzodiazepine alkaloids'],['Anthranilic acid alkaloids'],['Alkaloids'],False
COc1cc2c(cc1C)C(=O)C1C3C(C)(C)CCCC13C2=O,['Polyketides'],['Naphthalenes'],['Naphthoquinones'],['Podocarpane diterpenoids'],['Diterpenoids'],['Terpenoids'],False
CCCCCC(CCCCCCCCCC(=O)O)OC1OC(C)C(O)C(O)C1OC1OC(C)C(OC2OC(C)C(OC3OC(C)C(O)C(O)C3O)C(O)C2O)C(O)C1O,['Carbohydrates'],['Saccharides'],['Polysaccharides'],['Resin glycosides'],['Fatty acyls'],['Fatty acids'],True
C/C(=C\CNc1ncnc2c1ncn2[C@@H]1O[C@H](COP(=O)(O)OP(=O)(O)O)[C@@H](O)[C@H]1O)CO,['Carbohydrates'],['Nucleotides'],['Purine nucleotides'],['Purine alkaloids'],['Pseudoalkaloids'],['Alkaloids'],False
COc1cc(CC2=CN(C(C)=O)C(Cc3ccccc3)C(=O)N2O)cc2c1OCO2,['Amino acids and Peptides'],['Peptide alkaloids'],['Pyrazine and Piperazine alkaloids'],[],['Peptide alkaloids'],['Alkaloids'],False
CC(C)C1=C2C3CC(OC(=O)c4ccccc4)C(COC(=O)c4ccccc4)=CC(O)C3(C)CCC2(C(=O)O)CC1,['Shikimates and Phenylpropanoids'],['Terphenyls'],['p-Terphenyls'],['Cyathane diterpenoids'],['Diterpenoids'],['Terpenoids'],False
CC(C=CC1C(C)CC(=O)CC1(C)C)OC1OC(CO)C(O)C(O)C1O,['Shikimates and Phenylpropanoids'],['Phenylethanoids (C6-C2)'],['Phenylethanoids'],['Megastigmanes'],['Apocarotenoids'],['Terpenoids'],True
CC1CN=C(C(=O)C(C)C2C(O)CC3C4CC=C5CC(O)CCC5(C)C4CCC32C)C1,['Alkaloids'],['Pseudoalkaloids'],['Steroidal alkaloids'],['Pregnane steroids'],['Steroids'],['Terpenoids'],False
C[N+]1(C)CCCC1C(=O)[O-],['Amino acids and Peptides'],['Small peptides'],['Aminoacids'],['Pyrrolidine alkaloids'],['Ornithine alkaloids'],['Alkaloids'],False
