smiles,pathways,superclasses,classes,class_results,superclass_results,pathway_results,isglycoside,correct_option
CCOC(=O)CCCC#CC#CCCCCCCC#C/C=C/Br,['Fatty acids'],['Fatty Acids and Conjugates'],['Halogenated fatty acids'],['Wax monoesters'],['Fatty esters'],['Fatty acids'],False,?
CCCCC/C=C\CC(O)/C=C\C=C/C/C=C\CCCC(=O)O,['Fatty acids'],['Fatty Acids and Conjugates'],['Unsaturated fatty acids'],['Hydroxy-hydroperoxyeicosatetraenoic acids'],['Eicosanoids'],['Fatty acids'],False,?
C=CC1C(OC2OC(CO)C(O)C(O)C2O)OC=C2C(=O)OC(c3c(C)oc4cc(O)cc(O)c4c3=O)CC21,['Terpenoids'],['Monoterpenoids'],['Secoiridoid monoterpenoids'],['Chromones'],['Chromanes'],"['Polyketides', 'Terpenoids']",True,?
CCCCCCCCCCCC#CCC(=O)O,['Fatty acids'],['Fatty Acids and Conjugates'],['Unsaturated fatty acids'],['Hydrocarbons'],['Fatty acyls'],['Fatty acids'],False,?
O=C1C(=Cc2ccncc2)CCC2C3CCCN4CCCC(CN12)C34,['Alkaloids'],['Nicotinic acid alkaloids'],['Pyridine alkaloids'],['Quinolizidine alkaloids'],['Lysine alkaloids'],['Alkaloids'],False,?
Nc1ccn([C@H]2C[C@H](O)[C@@H](COP(=O)(O)OP(=O)(O)OP(=O)(O)O)O2)c(=O)n1,['Carbohydrates'],['Nucleotides'],['Pyrimidine nucleotides'],[],['Nucleosides'],['Carbohydrates'],False,original
CCCCCC#CC#CCC(O)CCCCCCC(=O)O,['Fatty acids'],['Octadecanoids'],['Other Octadecanoids'],['Hydrocarbons'],['Fatty acyls'],['Fatty acids'],False,?
C=CC(C)(O)CCC=C(C)CC=CC(C)(C)O,['Terpenoids'],['Sesquiterpenoids'],['Farnesane sesquiterpenoids'],['Acyclic monoterpenoids'],['Monoterpenoids'],['Terpenoids'],False,?
O=C(O)CC(=O)OCC1OC(Oc2ccc3c(=O)cc(-c4ccc(O)cc4)oc3c2)C(O)C(O)C1O,['Shikimates and Phenylpropanoids'],['Isoflavonoids'],['Isoflavones'],['Flavones'],['Flavonoids'],['Shikimates and Phenylpropanoids'],True,?
CCCCC/C=C\CC1OC1CCCCCCCC(=O)O,['Fatty acids'],['Octadecanoids'],['Other Octadecanoids'],['Epoxy fatty acids'],['Fatty Acids and Conjugates'],['Fatty acids'],False,?
C=C(C)C#C[C@@]1(O)[C@H]2O[C@@]3(C)O[C@@H]1[C@@H]1OC(C)(C)[C@H](O)C[C@@]1(O3)[C@H]2O,['Terpenoids'],['Meroterpenoids'],['Miscellaneous meroterpenoids'],['Acyclic monoterpenoids'],['Monoterpenoids'],['Terpenoids'],False,?
O=c1ccn([C@@H]2O[C@H](COP(=O)(O)OP(=O)(O)O)[C@@H](O)[C@H]2O)c(=O)[nH]1,['Carbohydrates'],['Nucleotides'],['Pyrimidine nucleotides'],[],['Nucleosides'],['Carbohydrates'],False,original
CCCCCCC#CCC#CCCCCCCCCC(=O)O,['Fatty acids'],['Fatty Acids and Conjugates'],['Unsaturated fatty acids'],['Hydrocarbons'],['Fatty acyls'],['Fatty acids'],False,?
CCCCCCC#CCCC#CCCCCCC(=O)O,['Fatty acids'],['Fatty Acids and Conjugates'],['Unsaturated fatty acids'],['Hydrocarbons'],['Fatty acyls'],['Fatty acids'],False,?
CC(C)(O)C1(O)C(O)C(O)C2(O)C3(C)CCC4=C(COC4=O)C3CC3OC32C1O,['Terpenoids'],['Diterpenoids'],['Abeoabietane diterpenoids'],[],['Sesquiterpenoids'],['Terpenoids'],False,?
Cc1cc(O)c2c(c1)C(=O)CC(c1c(C)cc3c(c1O)C(=O)CCC3O)C2O,['Polyketides'],['Naphthalenes'],['Bisnaphthalenes'],[],['Polycyclic aromatic polyketides'],['Polyketides'],False,?
CCCCCCCCCCC#CCC#CCCC(=O)O,['Fatty acids'],['Fatty Acids and Conjugates'],['Unsaturated fatty acids'],['Hydrocarbons'],['Fatty acyls'],['Fatty acids'],False,?
CC(/C=C/C=C(\C)C(=O)OC[C@H]1O[C@@H](Oc2ccc3oc4cc(O)c(O)cc4c(=O)c3c2O)[C@H](O)[C@@H](O)[C@@H]1O)=C\C=C/C=C(C)/C=C/C=C(\C)C(=O)O[C@@H]1O[C@H](CO)[C@@H](O)[C@H](O)[C@H]1O,['Terpenoids'],['Apocarotenoids'],['Miscellaneous apocarotenoids'],['Phytane diterpenoids'],['Diterpenoids'],['Terpenoids'],True,?
CC(C)CCCC(C)C1CCC2(C)C3=C(CCC12C)C1(C)CCC(O)C(C)C1CC3=O,['Terpenoids'],['Triterpenoids'],"['Lanostane, Tirucallane and Euphane triterpenoids']",['Cholestane steroids'],['Steroids'],['Terpenoids'],False,?
C=C(CCC(C)C1CCC2(C)C3CCC4C(C)C(OC(=O)C=Cc5ccc(O)c(OC)c5)CCC45CC35CCC12C)C(C)C,['Terpenoids'],['Steroids'],['Ergostane steroids'],['Cycloartane triterpenoids'],['Triterpenoids'],['Terpenoids'],False,?
Cc1ccc(/C=C/[C@]2(C)CC[C@@](C)(/C=C/C3=C[C@H](O)[C@](C)(O)C[C@@H]3O)O2)cc1,['Terpenoids'],['Meroterpenoids'],['Miscellaneous meroterpenoids'],[],['Diterpenoids'],['Terpenoids'],False,?
CCCC[C@@H](O)C#C[C@@H](O)CCCC(=O)O,['Fatty acids'],['Fatty Acids and Conjugates'],['Hydroxy fatty acids'],['Fatty alcohols'],['Fatty acyls'],['Fatty acids'],False,?
COc1ccc(C=C2OC(=O)C(Cc3cc(Cl)c4c(c3)OCO4)C2(O)C(C)C)cc1,['Shikimates and Phenylpropanoids'],['Diazotetronic acids and derivatives'],['Pulvinones'],[],['Lignans'],['Shikimates and Phenylpropanoids'],False,?
C=C(C)C#C[C@]1(O)[C@@H](O)[C@@H]2OC(C)(C)[C@H](OC(C)=O)C[C@@]23O[C@H]3[C@@H]1O,['Terpenoids'],['Meroterpenoids'],['Miscellaneous meroterpenoids'],['Acyclic monoterpenoids'],['Monoterpenoids'],['Terpenoids'],False,?
CCCCCCC#CCC#CCC#CCCCC(=O)O,['Fatty acids'],['Fatty Acids and Conjugates'],['Unsaturated fatty acids'],['Hydrocarbons'],['Fatty acyls'],['Fatty acids'],False,?
N#C[C@@H](O[C@@H]1O[C@H](CO)[C@@H](O)[C@H](O)[C@H]1O)c1ccc(O[C@@H]2O[C@H](CO)[C@@H](O)[C@H](O)[C@H]2O)cc1,['Amino acids and Peptides'],['Amino acid glycosides'],['Cyanogenic glycosides'],['Aminoacids'],['Small peptides'],"['Amino acids and Peptides', 'Shikimates and Phenylpropanoids']",False,?
C/C=C\C#CC#CCCC(=O)O,['Fatty acids'],['Fatty Acids and Conjugates'],['Unsaturated fatty acids'],"['Fatty alcohols', 'Hydrocarbons']",['Fatty acyls'],['Fatty acids'],False,?
CCCCCCCCC#CC#CC1OC1CCCC(=O)O,['Fatty acids'],['Fatty Acids and Conjugates'],['Epoxy fatty acids'],['Hydrocarbons'],['Fatty acyls'],['Fatty acids'],False,?
CC[C@H](O)C#CC#C/C=C/C(=O)O,['Fatty acids'],['Fatty Acids and Conjugates'],['Unsaturated fatty acids'],['Fatty alcohols'],['Fatty acyls'],['Fatty acids'],False,?
CCCCCCC#CCCCCC#CCC(=O)O,['Fatty acids'],['Fatty Acids and Conjugates'],['Unsaturated fatty acids'],['Hydrocarbons'],['Fatty acyls'],['Fatty acids'],False,?
O=C(O)C#CC#CC#CCCC(=O)O,['Fatty acids'],['Fatty Acids and Conjugates'],['Unsaturated fatty acids'],['Aminoacids'],['Small peptides'],"['Amino acids and Peptides', 'Fatty acids', 'Shikimates and Phenylpropanoids']",False,?
CC1CCC2C(C)(CCC3C4(C)CCCC(C)(C)C4CCC23C)C1C,['Terpenoids'],['Sesterterpenoids'],['Scalarane sesterterpenoids'],[],['Triterpenoids'],['Terpenoids'],False,?
CCCCCCCCC#CCCC#CCCCC(=O)O,['Fatty acids'],['Fatty Acids and Conjugates'],['Unsaturated fatty acids'],['Hydrocarbons'],['Fatty acyls'],['Fatty acids'],False,?
C/C=C/C=C/C#C/C=C/C=C/CCCCC(=O)O,['Fatty acids'],['Fatty Acids and Conjugates'],['Unsaturated fatty acids'],['Hydrocarbons'],['Fatty acyls'],['Fatty acids'],False,?
O=C1C=CCC(C(O)C(c2ccccc2)c2cc(O)c3c(c2)OC(c2ccccc2)CC3=O)O1,['Shikimates and Phenylpropanoids'],['Isoflavonoids'],['Pterocarpan'],"['Flavanones', 'Kavalactones and derivatives']","['Styrylpyrones', 'Flavonoids']",['Shikimates and Phenylpropanoids'],False,?
CCCCCCC#CC(=O)O,['Fatty acids'],['Fatty Acids and Conjugates'],['Unsaturated fatty acids'],['Hydrocarbons'],['Fatty acyls'],['Fatty acids'],False,?
CC(=CCCc1coc(Cc2ccoc2)c1)CCCC(C)C,['Terpenoids'],['Diterpenoids'],['Phytane diterpenoids'],"['Linear sesterterpenoids', 'Norsesterterpenoids']",['Sesterterpenoids'],['Terpenoids'],False,?
CC#CC#CC=C=CC(O)CCCCC(=O)O,['Fatty acids'],['Fatty Acids and Conjugates'],['Unsaturated fatty acids'],['Hydrocarbons'],['Fatty acyls'],['Fatty acids'],False,?
CCCC#CCCCCC(=O)O,['Fatty acids'],['Fatty Acids and Conjugates'],['Unsaturated fatty acids'],['Hydrocarbons'],['Fatty acyls'],['Fatty acids'],False,?
CC/C=C\C#CCCCCCCOC(C)=O,['Fatty acids'],['Fatty esters'],['Wax monoesters'],"['Fatty alcohols', 'Hydrocarbons']",['Fatty acyls'],['Fatty acids'],False,?
CC/C=C\C/C=C\C/C=C\C/C=C\C/C=C\C=C\[C@@H]1CCC(=O)O1,['Fatty acids'],['Fatty Acids and Conjugates'],['Unsaturated fatty acids'],['Other Docosanoids'],['Docosanoids'],['Fatty acids'],False,?
CN[C@@H](C)[C@H](O)c1ccccc1,['Alkaloids'],['Tyrosine alkaloids'],['Phenylethylamines'],['Phenylalanine-derived alkaloids'],['Pseudoalkaloids'],['Alkaloids'],False,?
CCCCCCCCCCCCCCCC#CC(=O)O,['Fatty acids'],['Fatty Acids and Conjugates'],['Unsaturated fatty acids'],['Hydrocarbons'],['Fatty acyls'],['Fatty acids'],False,?
CCCCCCCCC#CCC#CCCCCC(=O)O,['Fatty acids'],['Fatty Acids and Conjugates'],['Unsaturated fatty acids'],['Hydrocarbons'],['Fatty acyls'],['Fatty acids'],False,?
CCCCCCCC[C@@H](O)[C@H](O)CCCCCCCC(=O)O,['Fatty acids'],['Fatty Acids and Conjugates'],['Hydroxy fatty acids'],['Other Octadecanoids'],['Octadecanoids'],['Fatty acids'],False,?
CCCC#CC#CCCCCCCCCCCC(=O)O,['Fatty acids'],['Fatty Acids and Conjugates'],['Unsaturated fatty acids'],['Hydrocarbons'],['Fatty acyls'],['Fatty acids'],False,?
CC#CCCCCCCCC(=O)O,['Fatty acids'],['Fatty Acids and Conjugates'],['Unsaturated fatty acids'],['Hydrocarbons'],['Fatty acyls'],['Fatty acids'],False,?
CCCCC#CCCCCCCCCCCC(=O)O,['Fatty acids'],['Fatty Acids and Conjugates'],['Unsaturated fatty acids'],['Hydrocarbons'],['Fatty acyls'],['Fatty acids'],False,?
CC/C=C\CC/C=C/CCCCCCCCCC(=O)O,['Fatty acids'],['Octadecanoids'],['Other Octadecanoids'],['Unsaturated fatty acids'],['Fatty Acids and Conjugates'],['Fatty acids'],False,?
CCCCCCCCCC/C=C/C#C[C@H]1O[C@@H]1CCCC(=O)OC,['Fatty acids'],['Fatty Acids and Conjugates'],['Epoxy fatty acids'],['Hydrocarbons'],['Fatty acyls'],['Fatty acids'],False,?
CC(C)=CCCC(C)=CCC1(O)C(=O)c2cc(O)cc(O)c2C(=O)C1(Cl)CC=C(C)C,['Polyketides'],['Naphthalenes'],['Naphthoquinones'],['Polyprenylated cyclic polyketides (Hop meroterpenoids)'],['Meroterpenoids'],"['Polyketides', 'Terpenoids']",False,?
CC(=O)OC[C@]12[C@H](OC(C)=O)C(=O)[C@H]3[C@@H](OC(C)=O)[C@@]14O[C@@]3(C)COC(=O)c1cccnc1[C@@H](C)[C@H](C)C(=O)O[C@@H]([C@H](OC(C)=O)[C@@H]2OC(C)=O)[C@]4(C)O,['Alkaloids'],['Pseudoalkaloids'],['Terpenoid alkaloids'],['Pyridine alkaloids'],['Nicotinic acid alkaloids'],['Alkaloids'],False,?
CC(=O)OC[C@]12[C@H](OC(C)=O)C(=O)[C@H]3[C@@H](OC(C)=O)[C@@]14O[C@@]3(C)COC(=O)c1cccnc1CC[C@H](C)C(=O)O[C@@H]([C@H](OC(C)=O)[C@@H]2OC(C)=O)[C@]4(C)O,['Alkaloids'],['Pseudoalkaloids'],['Terpenoid alkaloids'],['Pyridine alkaloids'],['Nicotinic acid alkaloids'],['Alkaloids'],False,?
CCCCCC/C=C/C(O)CCCCCCCCC(=O)O,['Fatty acids'],['Fatty Acids and Conjugates'],['Hydroxy fatty acids'],['Other Octadecanoids'],['Octadecanoids'],['Fatty acids'],False,?
CN[C@H]1[C@@H](O)CO[C@H](O[C@H]2[C@H](N)C[C@H](N)[C@@H](O[C@H]3O[C@H](CN)[C@@H](O)[C@H](O)[C@H]3O)[C@@H]2O)[C@@H]1O,['Carbohydrates'],['Aminosugars and aminoglycosides'],['Aminoglycosides'],[],['Polyols'],['Carbohydrates'],True,?
CCCCCCCC/C=C\CCCC/C=C\CC(=O)O,['Fatty acids'],['Octadecanoids'],['Other Octadecanoids'],['Unsaturated fatty acids'],['Fatty Acids and Conjugates'],['Fatty acids'],False,?
CC/C=C\C/C=C\CC(O)C(Cl)/C=C\C(O)C/C=C\CCCC(=O)O,['Fatty acids'],['Fatty Acids and Conjugates'],['Halogenated fatty acids'],['Hydroxy-hydroperoxyeicosatetraenoic acids'],['Eicosanoids'],['Fatty acids'],False,?
CC(=O)c1c2c(O)cccc2cc2ccc(O)c(O)c12,['Polyketides'],['Polycyclic aromatic polyketides'],['Anthraquinones and anthrones'],['Naphthalenes and derivatives'],['Naphthalenes'],['Polyketides'],False,?
COc1cc2c(cc1OC)[C@@H]1[C@H](O)[C@@H](OC)[C@@H]3O[C@@]34CCN(C2=O)[C@@H]14,['Alkaloids'],['Tyrosine alkaloids'],['Amarylidaceae alkaloids'],['Indolizidine alkaloids'],['Lysine alkaloids'],['Alkaloids'],False,?
CCC/C=C\C/C=C\C/C=C\CCCCCCC(=O)O,['Fatty acids'],['Octadecanoids'],['Other Octadecanoids'],['Unsaturated fatty acids'],['Fatty Acids and Conjugates'],['Fatty acids'],False,?
CC(=O)OC1OC(=O)c2ccc(C3(C)CCCC(C)(C)C3)c(C(C)=O)c21,['Terpenoids'],['Diterpenoids'],['Spongiane diterpenoids'],['Drimane sesquiterpenoids'],['Sesquiterpenoids'],['Terpenoids'],False,?
Cc1cc(O)cc(Oc2cc(C)cc(OCc3ccc(C(C)(O)CCCC(C)C)c(O)c3)c2)c1,['Terpenoids'],['Sesquiterpenoids'],['Bisabolane sesquiterpenoids'],['Fungal DPEs'],['Diphenyl ethers (DPEs)'],"['Polyketides', 'Terpenoids']",False,?
COc1cc(C2c3cc(O)c(O)cc3-c3oc4cc(O)cc(O)c4c(=O)c3C2CO)ccc1O,['Shikimates and Phenylpropanoids'],['Lignans'],['Flavonolignans'],[],['Stilbenoids'],['Shikimates and Phenylpropanoids'],False,?
CCCCCC/C=C\[C@@H](O)[C@@H](O)[C@@H](O)CCCCCCCC(=O)O,['Fatty acids'],['Fatty acyls'],['Fatty alcohols'],['Other Octadecanoids'],['Octadecanoids'],['Fatty acids'],False,?
O=c1ncccn1[C@H]1C[C@H](O)[C@@H](COP(=O)(O)O)O1,['Carbohydrates'],['Nucleotides'],['Pyrimidine nucleotides'],[],['Nucleosides'],['Carbohydrates'],False,original
CC(C)CCC[C@@]1(C)OC(=O)c2cc(O)ccc21,['Polyketides'],['Cyclic polyketides'],['Phthalide derivatives'],[],['Meroterpenoids'],['Polyketides'],False,?
COc1cc(C2(C3CC(=O)OC3COC(c3ccccc3)(c3ccccc3)c3ccccc3)SCCCS2)cc(OC)c1OC,['Shikimates and Phenylpropanoids'],['Lignans'],['Arylnaphthalene and aryltetralin lignans'],['Kavalactones and derivatives'],['Styrylpyrones'],['Shikimates and Phenylpropanoids'],False,?
CC(C)=CCc1c(O)ccc(C(=O)c2cc3ccc(O)cc3o2)c1O,['Shikimates and Phenylpropanoids'],['Flavonoids'],['Chalcones'],['2-arylbenzofurans'],['Isoflavonoids'],['Shikimates and Phenylpropanoids'],False,?
CCCCCCCCCCCCCCC(=O)/C=C/C(=O)O,['Fatty acids'],['Octadecanoids'],['Other Octadecanoids'],['Oxo fatty acids'],['Fatty Acids and Conjugates'],['Fatty acids'],False,?
O=c1ccn([C@@H]2O[C@H](COP(=O)(O)OP(=O)(O)OP(=O)(O)OP(=O)(O)OC[C@H]3O[C@@H](n4ccc(=O)[nH]c4=O)[C@H](O)[C@@H]3O)[C@@H](O)[C@H]2O)c(=O)[nH]1,['Carbohydrates'],['Nucleotides'],['Pyrimidine nucleotides'],['Aminosugars'],['Aminosugars and aminoglycosides'],['Carbohydrates'],False,?
CC(C)=CCC12Oc3cc4c(c(O)c3C(=O)C1(O)Oc1cc(O)ccc12)C=CC(C)(C)O4,['Shikimates and Phenylpropanoids'],['Isoflavonoids'],['Pterocarpan'],['Dihydroflavonols'],['Flavonoids'],['Shikimates and Phenylpropanoids'],False,?
NCC1OC(OC2C(N)CC(N)C(OC3OC(CO)C(O)C(O)C3O)C2O)C(N)C(O)C1O,['Carbohydrates'],['Aminosugars and aminoglycosides'],['Aminoglycosides'],['Amino cyclitols'],['Polyols'],['Carbohydrates'],True,?
CSCCC(NC(=O)NC(Cc1cccc(O)c1)C(=O)O)C(=O)NC(C(=O)NC=C1CC(O)C(n2ccc(=O)[nH]c2=O)O1)C(C)N(C)C(=O)C1Cc2cc(O)ccc2CN1,['Amino acids and Peptides'],['Oligopeptides'],['Linear peptides'],[],['Small peptides'],['Amino acids and Peptides'],False,?
Nc1ncnc2c1[nH]c(=O)n2[C@H]1C[C@H](O)[C@@H](COP(=O)(O)OP(=O)(O)O)O1,['Carbohydrates'],['Nucleotides'],['Purine nucleotides'],['Purine alkaloids'],['Pseudoalkaloids'],"['Alkaloids', 'Carbohydrates']",False,?
CC(C)=CCCC(C)=CCCC1C(=O)OC2OC21,['Terpenoids'],['Sesquiterpenoids'],['Farnesane sesquiterpenoids'],['Acyclic monoterpenoids'],['Monoterpenoids'],['Terpenoids'],False,?
CN1c2ccccc2C(=O)N2CCc3c([nH]c4ccccc34)[C@H]21,['Alkaloids'],['Tryptophan alkaloids'],['Carboline alkaloids'],['Benzodiazepine alkaloids'],['Anthranilic acid alkaloids'],['Alkaloids'],False,?
COc1cc(C2C(C)C3C(=O)Oc4cc5occc5c(OC)c4C32)cc2c1OCO2,['Shikimates and Phenylpropanoids'],['Coumarins'],['Furocoumarins'],[],['Lignans'],['Shikimates and Phenylpropanoids'],False,?
CN[C@@H]1[C@H](O[C@H]2[C@H](O[C@@H]3[C@@H](NC(=N)N)[C@H](O)[C@@H](NC(=N)N)[C@H](O)[C@H]3O)O[C@@H](C)[C@]2(O)C=O)O[C@@H](CO)[C@H](O)[C@H]1OP(=O)(O)OC[C@H]1O[C@@H](n2cnc3c(N)ncnc32)[C@H](O)[C@@H]1O,['Carbohydrates'],['Nucleotides'],['Purine nucleotides'],"['Amino cyclitols', 'Aminoglycosides']","['Aminosugars and aminoglycosides', 'Polyols']",['Carbohydrates'],True,?
O=C(O)CCCCCCC/C=C\CCCCCCCCO,['Fatty acids'],['Octadecanoids'],['Other Octadecanoids'],['Hydroxy fatty acids'],['Fatty Acids and Conjugates'],['Fatty acids'],False,?
CC(CCC(O)C(C)(C)O)C(O)CO,['Terpenoids'],['Monoterpenoids'],['Acyclic monoterpenoids'],['Fatty alcohols'],['Fatty acyls'],"['Fatty acids', 'Terpenoids']",False,scraped
CCCC(=O)C1C(=O)C(CC2C(=O)C(C(=O)CC)C(=O)C(C)(C)C2=O)C(=O)C(C)(C)C1=O,['Polyketides'],['Phloroglucinols'],['Dimeric phloroglucinols'],['Simple cyclic polyketides'],['Cyclic polyketides'],['Polyketides'],False,?
OC1CC2CCN3Cc4cc5c(cc4C(C1O)C23)OCO5,['Alkaloids'],['Lysine alkaloids'],['Indolizidine alkaloids'],['Amarylidaceae alkaloids'],['Tyrosine alkaloids'],['Alkaloids'],False,?
CC(C)=CCCC(C)=CCCC(C)=CCCC(C)=CCCC(C)=CCO,['Terpenoids'],['Sesterterpenoids'],['Linear sesterterpenoids'],['Acyclic triterpenoids'],['Triterpenoids'],['Terpenoids'],False,?
CCC/C=C\C(Br)=C/C(O)CCCCCC/C=C/C#CC#CCCC(=O)OCC,['Fatty acids'],['Fatty Acids and Conjugates'],['Halogenated fatty acids'],['Wax monoesters'],['Fatty esters'],['Fatty acids'],False,?
COc1oc(CC=C(C)CCCCCCCCCS)c(C)c(=O)c1OC,['Polyketides'],['Linear polyketides'],['Open-chain polyketides'],"['2-pyrone derivatives', '4-pyrone derivatives']",['Cyclic polyketides'],['Polyketides'],False,?
C=C[C@@H](O)CCCCC,['Fatty acids'],['Fatty Acids and Conjugates'],['Hydroxy fatty acids'],['Fatty alcohols'],['Fatty acyls'],['Fatty acids'],False,?
CCCCCCCC[C@@H](O)/C=C\CCCCCCC(=O)O,['Fatty acids'],['Fatty Acids and Conjugates'],['Unsaturated fatty acids'],['Other Octadecanoids'],['Octadecanoids'],['Fatty acids'],False,?
O=C(OC1C(OC(=O)c2cc(O)c(O)c(O)c2Oc2cc3c(c(O)c2O)-c2c(cc(O)c(O)c2O)C(=O)OC(C2OC(=O)c4cc(O)c(O)c(O)c4-c4c(cc(O)c(O)c4O)C(=O)OCC2O)C(C(O)c2c(O)cc4c(c2O)CC(O)C(c2ccc(O)c(O)c2)O4)OC3=O)C(O)OC2COC(=O)c3cc(O)c(O)c(O)c3-c3c(cc(O)c(O)c3O)C(=O)OC21)c1cc(O)c(O)c(O)c1,['Shikimates and Phenylpropanoids'],['Flavonoids'],['Flavan-3-ols'],['Gallotannins'],['Phenolic acids (C6-C1)'],['Shikimates and Phenylpropanoids'],True,?
CCC(O)C(C)(O)C(O)C(C)C(=O)C(C)CC(C)(O)C(O)C(C)C(O)C(C)C(=O)O,['Polyketides'],['Macrolides'],['Erythromycins'],['Open-chain polyketides'],['Linear polyketides'],['Polyketides'],False,?
CC(C)=CCC/C(C)=C/CC/C(C)=C/CC/C(C)=C/CC/C(C)=C/CC/C=C(\C)CC/C=C(\C)CC/C=C(\C)CC/C=C(\C)CCCC(C)(C)O,['Terpenoids'],['Carotenoids (C50)'],"['Carotenoids (C50, Ψ-Ψ)']",[],['Polyprenols'],['Terpenoids'],False,?
CCCCCCCCCCC/C=C/C=C/C=C/C=C/C=C/C(=O)O,['Fatty acids'],['Docosanoids'],['Other Docosanoids'],['Unsaturated fatty acids'],['Fatty Acids and Conjugates'],['Fatty acids'],False,?
C=CCC1=C(O)C(=O)c2c(cc(C)c3c(C)c(C)ccc23)C1=O,['Terpenoids'],['Diterpenoids'],['Abeoabietane diterpenoids'],['Naphthoquinones'],['Naphthalenes'],"['Polyketides', 'Terpenoids']",False,?
CCC/C=C\C/C=C\C/C=C\C/C=C\CCCCCC(=O)O,['Fatty acids'],['Eicosanoids'],['Other Eicosanoids'],['Unsaturated fatty acids'],['Fatty Acids and Conjugates'],['Fatty acids'],False,?
C=C1CCC2C(C)(CCC=C(C)C)C(OC(=O)C(O)C(C)CC)CCC2(C)C1Cc1c(O)c(C)coc1=O,['Terpenoids'],['Diterpenoids'],['Norlabdane diterpenoids'],['Triketide meroterpenoids'],['Meroterpenoids'],"['Polyketides', 'Terpenoids']",False,?
O=C1C(=O)C(c2ccc(O)cc2)=c2c(-c3ccc(O)cc3)c(O)oc2=C1c1ccccc1,['Shikimates and Phenylpropanoids'],['Isoflavonoids'],['2-arylbenzofurans'],['p-Terphenyls'],['Terphenyls'],['Shikimates and Phenylpropanoids'],False,?
Cc1c(O)cc(CC(C)O)oc1=O,['Polyketides'],['Chromanes'],['Chromones'],['2-pyrone derivatives'],['Cyclic polyketides'],['Polyketides'],False,?
O=c1oc2ccccc2c2oc3ccccc3c12,['Shikimates and Phenylpropanoids'],['Isoflavonoids'],['Coumestan'],['Simple coumarins'],['Coumarins'],['Shikimates and Phenylpropanoids'],False,?
COC(=O)C1C(=O)C(C)=C2OC3(CC2(C)C1C)C(C)C(O)CC1C(C)(C)C(O)CCC13C,['Terpenoids'],['Sesquiterpenoids'],['Drimane sesquiterpenoids'],['Spriromeroterpenoids'],['Meroterpenoids'],['Terpenoids'],False,?
CCC(C)C1NC(=O)C2C(CCN2C(=O)C(C(C)C)N2CN(C)C(C)C2=O)OC2=CC=C(OC)C(C=CNC1=O)C2,['Amino acids and Peptides'],['Peptide alkaloids'],['Ansa peptide alkaloids'],['Cyclic peptides'],['Oligopeptides'],['Amino acids and Peptides'],False,?
CN1CN([C@@H]2O[C@H](COP(=O)(O)OP(=O)(O)O)[C@@H](O)[C@H]2O)c2nc(N)[nH]c(=O)c21,['Carbohydrates'],['Nucleotides'],['Purine nucleotides'],[],['Nucleosides'],['Carbohydrates'],True,?
OCC1OC(OCCCc2ccc(O)cc2)C(O)C(O)C1O,['Shikimates and Phenylpropanoids'],['Phenylpropanoids (C6-C3)'],['Cinnamic acids and derivatives'],['Phenylethanoids'],['Phenylethanoids (C6-C2)'],['Shikimates and Phenylpropanoids'],True,?
C=C1C(=O)O[C@@H](CCCCCCCCCCCCC[C@@H](C)O[C@@H]2O[C@H](CO[C@H]3O[C@H](CO)[C@@H](O)[C@@H]3O)[C@@H](O)[C@H](O)[C@H]2O)[C@H]1C(=O)O,['Fatty acids'],['Fatty acyls'],['Paraconic acids and derivatives'],[],['Fatty acyl glycosides'],['Fatty acids'],True,?
Nc1ccn([C@@H]2O[C@H](COP(=O)(O)O[C@@H]3[C@@H](CO)O[C@@H](n4cnc5c(=O)nc(N)[nH]c54)[C@@H]3O)[C@@H](O)[C@H]2O)c(=O)n1,['Carbohydrates'],['Nucleotides'],['Purine nucleotides'],"['Purine nucleos(t)ides', 'Pyrimidine nucleos(t)ides']",['Nucleosides'],['Carbohydrates'],False,?
CC1CCC2C(C=CC(C)C2C(=O)c2c(O)c(C3(O)CCC(O)C4OC43)c[nH]c2=O)C1,['Alkaloids'],['Nicotinic acid alkaloids'],['Pyridine alkaloids'],[],['Cyclic polyketides'],"['Alkaloids', 'Polyketides']",False,?
CC/C=C\CC/C=C\C/C=C\CC/C=C\CC/C=C\CCC(=O)O,['Fatty acids'],['Docosanoids'],['Other Docosanoids'],['Unsaturated fatty acids'],['Fatty Acids and Conjugates'],['Fatty acids'],False,?
C=CC(O)C#CC#CC/C=C\CCCCCCC,['Fatty acids'],['Fatty acyls'],['Fatty alcohols'],[],['Fatty Acids and Conjugates'],['Fatty acids'],False,?
CC(=O)NC1C(O)COC(OC2C(N)CC(N)C(OC3OC(CO)C(O)C(O)C3N)C2O)C1O,['Carbohydrates'],['Aminosugars and aminoglycosides'],['Aminoglycosides'],['Amino cyclitols'],['Polyols'],['Carbohydrates'],True,?
CC(=O)OC1CCC2(C)C(=CCC3C4CCC(C(C)C5C(OC(C)=O)CC(C)CN5C(C)=O)C(C)=C4CC32)C1,['Alkaloids'],['Lysine alkaloids'],['Piperidine alkaloids'],['Steroidal alkaloids'],['Pseudoalkaloids'],"['Alkaloids', 'Terpenoids']",False,?
COc1c2c(nc3occc13)[C@@](CC=C(C)C)(OC)[C@H](OC(C)=O)CC2,['Alkaloids'],['Anthranilic acid alkaloids'],['Quinoline alkaloids'],['Quinoline alkaloids'],['Tryptophan alkaloids'],['Alkaloids'],False,?
CC1CC23C4=CCCN2CCCC3C(O)CC4C1=O,['Alkaloids'],['Anthranilic acid alkaloids'],['Acridone alkaloids'],['Quinolizidine alkaloids'],['Lysine alkaloids'],['Alkaloids'],False,?
CCCCCCCC1OC(=O)c2cc(O)c(O)c(O)c21,['Polyketides'],['Cyclic polyketides'],['Phthalide derivatives'],['Aromatic polyketides with side chains'],['Aromatic polyketides'],['Polyketides'],False,?
CCCCC1C(C)CCC2C1(C)CCC1C(C)(C)CCCC12C,['Terpenoids'],['Sesterterpenoids'],['Cheilanthane sesterterpenoids'],['Spongiane diterpenoids'],['Diterpenoids'],['Terpenoids'],False,?
CC(C)CC1NC(=O)C(=Cc2ccccc2)NC1=O,['Amino acids and Peptides'],['Small peptides'],['Dipeptides'],[],['Peptide alkaloids'],['Amino acids and Peptides'],False,?
CC12C3CC4(C)C(O)(c5ccoc5)C(=O)C4(C)C1CCCC2C(=O)O3,['Terpenoids'],['Diterpenoids'],['Colensane and Clerodane diterpenoids'],['Limonoids'],['Triterpenoids'],['Terpenoids'],False,?
CC1CC2OC(=O)C3(C)CC(=O)C4=C(C1(C)C=C4c1ccoc1)C23O,['Terpenoids'],['Diterpenoids'],['Halimane diterpenoids'],['Eremophilane sesquiterpenoids'],['Sesquiterpenoids'],['Terpenoids'],False,?
CC=C(C)C(=O)OC1C(C)=CCCC2(C)OC2C(OC(C)=O)C(C(C)C)C1O,['Terpenoids'],['Triterpenoids'],['Limonoids'],['Germacrane sesquiterpenoids'],['Sesquiterpenoids'],['Terpenoids'],False,?
Oc1ccc2[nH]cc(-c3cncc(-c4c[nH]c5ccc(O)cc45)c3)c2c1,['Alkaloids'],['Nicotinic acid alkaloids'],['Pyridine alkaloids'],['Simple indole alkaloids'],['Tryptophan alkaloids'],['Alkaloids'],False,?
CC(=O)C1CC2(O)C3(C)COC2(C)CC1(O)C3,['Terpenoids'],['Apocarotenoids'],['Megastigmanes'],['Illudane sesquiterpenoids'],['Sesquiterpenoids'],['Terpenoids'],False,?
CCCCCCCCCC1CCCC(C)N1C,['Alkaloids'],['Lysine alkaloids'],['Piperidine alkaloids'],['Pyrrolidine alkaloids'],['Ornithine alkaloids'],['Alkaloids'],False,?
CC(C)C1=C(Cc2ccccc2)C(=O)OC1=Cc1cc(Cl)c(O)c(Cl)c1,['Shikimates and Phenylpropanoids'],['Diazotetronic acids and derivatives'],['Pulvinones'],[],['Flavonoids'],['Shikimates and Phenylpropanoids'],False,?
O=C1OCC(O)C(C2OC(=O)c3cc(O)c(O)c(O)c3-c3c(O)c(O)c(O)c4c3C(=O)OC2C4c2c(O)cc(O)c3c2OC(c2ccc(O)c(O)c2)C(O)C3)OC(=O)c2cc(O)c(O)c(O)c2-c2c1cc(O)c(O)c2O,['Shikimates and Phenylpropanoids'],['Flavonoids'],['Flavan-3-ols'],['Gallotannins'],['Phenolic acids (C6-C1)'],['Shikimates and Phenylpropanoids'],False,?
COC(=O)C(=CC1=C(C(=O)O)C23CCCC(C)(C)C2C(OC3=O)C1=O)C(C)C,['Terpenoids'],['Diterpenoids'],['Secoabietane diterpenoids'],[],['Sesquiterpenoids'],['Terpenoids'],False,?
NC(=O)OCC(O)CC(NC(=O)C1NCCCC1O)C(=O)NC(Cc1cnc(N)[nH]1)C(=O)NC(C(=O)O)C(O)c1ncc(Cl)[nH]1,['Amino acids and Peptides'],['Oligopeptides'],['Linear peptides'],['Tripeptides'],['Small peptides'],['Amino acids and Peptides'],False,?
C=CC(C)(O)CCC=C(C)CCC=C(C)CCC=C(C)CCC=C(C)CCC=C(C)C,['Terpenoids'],['Sesquiterpenoids'],['Farnesane sesquiterpenoids'],['Acyclic triterpenoids'],['Triterpenoids'],['Terpenoids'],False,?
CC/C=C\C/C=C\CC(O)/C=C\C(Cl)C(O)C/C=C\CCCC(=O)O,['Fatty acids'],['Fatty Acids and Conjugates'],['Halogenated fatty acids'],['Hydroxy-hydroperoxyeicosatetraenoic acids'],['Eicosanoids'],['Fatty acids'],False,?
O=C(O)CCCCCCC/C=C\C=C\C=C\CCCCO,['Fatty acids'],['Octadecanoids'],['Other Octadecanoids'],[],['Fatty Acids and Conjugates'],['Fatty acids'],False,?
CN1C2CCCC1CC(=NO)C2,['Alkaloids'],['Lysine alkaloids'],['Piperidine alkaloids'],['Tropane alkaloids'],['Ornithine alkaloids'],['Alkaloids'],False,?
CNC1C(O)C(O)C(N)C(OC2OC(C(C)N)C(O)C(O)C2N)C1O,['Carbohydrates'],['Aminosugars and aminoglycosides'],['Aminoglycosides'],['Amino cyclitols'],['Polyols'],['Carbohydrates'],True,?
CC(=O)OC(C=C(C)CCC=C(C)C)Cc1ccoc1,['Terpenoids'],['Sesquiterpenoids'],['Farnesane sesquiterpenoids'],['Acyclic monoterpenoids'],['Monoterpenoids'],['Terpenoids'],False,?
CC(=O)OC1(C)CCC(O)C(C)(C)C1CCC(C)=CCC(O)C=C(C)C(O)CC1C(C)=CCC(=O)C1(C)C,['Terpenoids'],['Triterpenoids'],['Oleanane triterpenoids'],['Monocarbocyclic sesterterpenoids'],['Sesterterpenoids'],['Terpenoids'],False,?
CC1(C)CCCC2(C)OC1=CC(=O)CCC2O,['Terpenoids'],['Sesquiterpenoids'],['Humulane sesquiterpenoids'],[],['Meroterpenoids'],['Terpenoids'],False,?
Cc1cc(O)c(C(C)C)c2c1CC[C@H](C)C2=O,['Terpenoids'],['Sesquiterpenoids'],['Cadinane sesquiterpenoids'],['Secoabietane diterpenoids'],['Diterpenoids'],['Terpenoids'],False,?
CC(O)CCCCCCCCCCCCCC(=O)O,['Fatty acids'],['Fatty Acids and Conjugates'],['Hydroxy fatty acids'],['Other Octadecanoids'],['Octadecanoids'],['Fatty acids'],False,?
CC(N)C1CCC2C3CC=C4CC(OC5OC(CO)C(O)C(O)C5O)CCC4(C)C3CCC12C,['Alkaloids'],['Tryptophan alkaloids'],['Iboga type'],[],['Steroids'],"['Alkaloids', 'Terpenoids']",True,?
CC(=O)O,['Fatty acids'],['Fatty Acids and Conjugates'],['Straight chain fatty acids'],['Aminoacids'],['Small peptides'],"['Amino acids and Peptides', 'Fatty acids', 'Shikimates and Phenylpropanoids']",False,?
CC1CCC2c3c(c(C(=O)O)cc(O)c31)CC2C,['Terpenoids'],['Sesquiterpenoids'],['Cadinane sesquiterpenoids'],['Amphilectane diterpenoids'],['Diterpenoids'],['Terpenoids'],False,?
CC1CC2C(=O)OCC(NC(=O)C(Cc3ccccc3)NC(=O)C=CC=CC=CC=CC=CC(=O)NC3=C(O)CCC3=O)C(=O)N3CCCC3C(=O)N(C)C(C)C(=O)NC(C)C(=O)N2C1,['Polyketides'],['Oligopeptides'],['Depsipeptides'],['Linear polyenes'],['Linear polyketides'],['Polyketides'],False,?
CCCC=[N+]([O-])CCCCCNC(=O)CCC(=O)N(O)CCCCCNC(=O)CCC(=O)N(O)CCCCCN,['Alkaloids'],['Ornithine alkaloids'],['Polyamines'],['N-acyl amines'],['Fatty amides'],"['Alkaloids', 'Fatty acids']",False,?
CCCCCC/C=C\C=C\CCCCCCCC(=O)O,['Fatty acids'],['Octadecanoids'],['Other Octadecanoids'],['Unsaturated fatty acids'],['Fatty Acids and Conjugates'],['Fatty acids'],False,?
CC=C(C)C(=O)OC1C(C)=CCCC2(C)OC2C(OC(C)=O)C(C(C)C)C1OC(C)=O,['Terpenoids'],['Triterpenoids'],['Limonoids'],['Germacrane sesquiterpenoids'],['Sesquiterpenoids'],['Terpenoids'],False,?
CCCC/C=C\CCCCCCCCCCCCCCCC(=O)O,['Fatty acids'],['Docosanoids'],['Other Docosanoids'],['Unsaturated fatty acids'],['Fatty Acids and Conjugates'],['Fatty acids'],False,?
CC1(C)C(=O)C=CC23CC24CCC2(C)C(=O)CCC2(C)C4CCC13,['Terpenoids'],['Triterpenoids'],['Cycloartane triterpenoids'],[],['Diterpenoids'],['Terpenoids'],False,?
CCC(C)CC/C=C\C/C=C\CCCCCCCC(=O)O,['Fatty acids'],['Octadecanoids'],['Other Octadecanoids'],"['Branched fatty acids', 'Unsaturated fatty acids']",['Fatty Acids and Conjugates'],['Fatty acids'],False,?
CCCCC=CC=CC#CCCC1CCCN1CC,['Alkaloids'],['Ornithine alkaloids'],['Pyrrolidine alkaloids'],['Piperidine alkaloids'],['Lysine alkaloids'],['Alkaloids'],False,?
CCN1CC2(COC(=O)c3ccccc3NC(=O)CC(C)C(=O)OC)CCC(OC)C34C5CC6C(OC)CC(O)(C5C6OC)C(O)(C(OC)C23)C14,['Alkaloids'],['Pseudoalkaloids'],['Terpenoid alkaloids'],['Hasubanan alkaloids'],['Tyrosine alkaloids'],['Alkaloids'],False,?
COc1cc(C)c2c3c(c(O)c4c2c1C(=O)OC4=O)C(C)(C)C(C)O3,['Polyketides'],['Cyclic polyketides'],['Phthalide derivatives'],[],['Polycyclic aromatic polyketides'],['Polyketides'],False,?
CCC(O)/C=C/C=C\C=C\C(O)C/C=C\C=C\C(O)CCCCCC(=O)O,['Fatty acids'],['Docosanoids'],['Other Docosanoids'],"['Hydroxy-hydroperoxyeicosapentaenoic acids', 'Resolvin Es']",['Eicosanoids'],['Fatty acids'],False,?
CC(=O)CCCCCCCCCCCCCCCC(=O)O,['Fatty acids'],['Octadecanoids'],['Other Octadecanoids'],['Oxo fatty acids'],['Fatty Acids and Conjugates'],['Fatty acids'],False,?
COc1cc(C2Oc3cc(C4Oc5cc(OS(=O)(=O)[O-])cc(O)c5C(=O)C4OS(=O)(=O)[O-])ccc3OC2COS(=O)(=O)[O-])ccc1OS(=O)(=O)[O-],['Shikimates and Phenylpropanoids'],['Lignans'],['Flavonolignans'],['Dihydroflavonols'],['Flavonoids'],['Shikimates and Phenylpropanoids'],False,?
CC(C)=CCC[C@@H](C)[C@H]1CC[C@H]2C3=C(CC[C@@]21C)[C@@]1(C)CC[C@H](O)[C@@](C)(C=O)[C@@H]1CC3,['Terpenoids'],['Triterpenoids'],"['Lanostane, Tirucallane and Euphane triterpenoids']",['Cholestane steroids'],['Steroids'],['Terpenoids'],False,?
CCCCCC/C=C/C=C/C/C=C/CCCCC(=O)O,['Fatty acids'],['Octadecanoids'],['Other Octadecanoids'],['Unsaturated fatty acids'],['Fatty Acids and Conjugates'],['Fatty acids'],False,?
Cn1c(N)nc(O)c1N=O,['Alkaloids'],['Histidine alkaloids'],['Imidazole alkaloids'],[],['Pseudoalkaloids'],['Alkaloids'],False,?
CCCCCCCCCC(=O)CCCCCCCCC(=O)O,['Fatty acids'],['Fatty Acids and Conjugates'],['Oxo fatty acids'],['Other Octadecanoids'],['Octadecanoids'],['Fatty acids'],False,?
CC1C2CCC3C(C1CCC2C(=O)O)C3(C)C=O,['Terpenoids'],['Steroids'],['Ecdysteroids'],['Gibberellins'],['Diterpenoids'],['Terpenoids'],False,?
CCOC(=O)/C(I)=C/I,['Fatty acids'],['Fatty Acids and Conjugates'],['Halogenated fatty acids'],['Wax monoesters'],['Fatty esters'],['Fatty acids'],False,?
CC(CC[C@@H]1[C@@H](C)C(=O)C[C@@H]2[C@@]3(C)CCCC(C)(C)[C@@H]3CC[C@]21C)C(=O)O,['Terpenoids'],['Sesterterpenoids'],['Scalarane sesterterpenoids'],['Spongiane diterpenoids'],['Diterpenoids'],['Terpenoids'],False,?
O=C(O)/C=C/C=C/C=C/C=C/CCCCCCCCCCCO,['Fatty acids'],['Eicosanoids'],['Hydroxy-hydroperoxyeicosatetraenoic acids'],['Unsaturated fatty acids'],['Fatty Acids and Conjugates'],['Fatty acids'],False,?
CCCCCCCCCC/C=C\C/C=C\CCCCCCC(=O)O,['Fatty acids'],['Docosanoids'],['Other Docosanoids'],['Unsaturated fatty acids'],['Fatty Acids and Conjugates'],['Fatty acids'],False,?
CCCCCCC#CC#CC(=O)CCCCCCC(=O)O,['Fatty acids'],['Octadecanoids'],['Other Octadecanoids'],['Oxo fatty acids'],['Fatty Acids and Conjugates'],['Fatty acids'],False,?
CC(O)CC(=O)OCC1(O)CCC2C3(C)CCCC(C)(C)C3CCC2(C)C1C=CC1=CC(=O)OC1O,['Terpenoids'],['Diterpenoids'],['Spongiane diterpenoids'],['Cheilanthane sesterterpenoids'],['Sesterterpenoids'],['Terpenoids'],True,?
CCCC12C3C(C(C)C)CCC1(C)C1CCC4(CCCC42)N3C1,['Terpenoids'],['Diterpenoids'],['Daphnane diterpenoids'],['Terpenoid alkaloids'],['Pseudoalkaloids'],"['Alkaloids', 'Terpenoids']",False,?
C=C(C)CCCC(C)C1CCC2(C)C3=C(CCC12C)C1(C)CCC(O)C(C)(C)C1CC3,['Terpenoids'],['Steroids'],['Cholestane steroids'],[],['Triterpenoids'],['Terpenoids'],False,?
CC(C)=CCc1c2c(O)c3c(=O)cc(C(O)CC=C(C)C)c(O)c3c(O)c2c2c(O)c3c(=O)ccc(=O)c3c(O)c12,['Polyketides'],['Naphthalenes'],['Naphthoquinones'],[],['Polycyclic aromatic polyketides'],['Polyketides'],False,?
CC(=O)NC1C(OC2C(CO)OC(OC3C(O)C4N=C(N(C)C)OC4C3CO)C(NC(C)=O)C2O)OC(CO)C(O)C1O,['Carbohydrates'],['Polyols'],['Amino cyclitols'],['Aminosugars'],['Aminosugars and aminoglycosides'],['Carbohydrates'],True,?
CC1=CC2C(C(C)C)CCC2(C)C(N=C=S)CC1,['Terpenoids'],['Sesquiterpenoids'],['Daucane sesquiterpenoids'],"['Menthane monoterpenoids', 'Monocyclic monoterpenoids']",['Monoterpenoids'],['Terpenoids'],False,?
CC1=C(c2c(C)cc3c(C(C)C)c(O)c(O)c(C=O)c3c2O)C(=O)c2c(C=O)c(O)c(O)c(C(C)C)c2C1=O,['Terpenoids'],['Sesquiterpenoids'],['Cadinane sesquiterpenoids'],[],['Naphthalenes'],"['Polyketides', 'Terpenoids']",False,?
CNC(=O)Oc1ccc2c(c1)[NH+](C)c1cnccc1-2,['Alkaloids'],['Tryptophan alkaloids'],['Carboline alkaloids'],['Pyridine alkaloids'],['Nicotinic acid alkaloids'],['Alkaloids'],False,?
CC(C)=CCC/C(C)=C/CC/C(C)=C/CC/C(C)=C/CC/C=C(\C)CC/C=C(\C)CC/C=C(\C)CCC=C(C)C,['Terpenoids'],['Carotenoids (C40)'],"['Carotenoids (C40, Ψ-Ψ)']",['Acyclic triterpenoids'],['Triterpenoids'],['Terpenoids'],False,?
CC1=CCC2CC1C2(C)C,['Terpenoids'],['Meroterpenoids'],['Prenyl quinone meroterpenoids'],['Pinane monoterpenoids'],['Monoterpenoids'],['Terpenoids'],False,?
CSC1=Nc2c(O)c(O)c(Cl)c3c2=C1CCN=3,['Alkaloids'],['Guanidine alkaloids'],['Tricyclic guanidine alkaloids'],['Pyrroloquinoline alkaloids'],['Tryptophan alkaloids'],['Alkaloids'],False,?
O=C(O)Cc1c2c3c(cc(O)c(O)c3oc1=O)C(=O)OC2,['Shikimates and Phenylpropanoids'],['Phenolic acids (C6-C1)'],['Gallotannins'],['Simple coumarins'],['Coumarins'],['Shikimates and Phenylpropanoids'],False,?
C/C(C=O)=C\C=C\C(C)=C\C=C\C(C)=C\C=C\C(C)=C\C=C\C=C(C)\C=C\C=C(C)\C=C\C=C(C)\C=C\C=C(/C)C=O,['Terpenoids'],['Carotenoids (C40)'],"['Carotenoids (C40, Ψ-Ψ)']","['Apocarotenoids (C30, Ψ-Ψ)']",['Apocarotenoids'],['Terpenoids'],False,?
Nc1ncnc2c1[nH]c(=O)n2[C@H]1C[C@H](O)[C@@H](COP(=O)(O)O)O1,['Carbohydrates'],['Nucleotides'],['Purine nucleotides'],['Purine alkaloids'],['Pseudoalkaloids'],"['Alkaloids', 'Carbohydrates']",False,?
Cc1cn([C@H]2C[C@H](O)[C@@H](COP(=O)(O)OP(=O)(O)OP(=O)(O)O)O2)c(=O)[nH]c1=O,['Carbohydrates'],['Nucleotides'],['Pyrimidine nucleotides'],[],['Nucleosides'],['Carbohydrates'],False,original
CC(=O)CCc1ccc2c(c1C)C(=O)c1ccccc1C2=O,['Polyketides'],['Naphthalenes'],['Naphthoquinones'],['Anthraquinones and anthrones'],['Polycyclic aromatic polyketides'],['Polyketides'],False,?
CC(C)C1=C(c2c[nH]c3ccccc23)C2C(C)CCC3(C)C(C)CCC(O)C23CC1,['Terpenoids'],['Meroterpenoids'],['Miscellaneous meroterpenoids'],[],['Tryptophan alkaloids'],['Terpenoids'],False,?
C1CCN2CCCC2C1,['Alkaloids'],['Pseudoalkaloids'],['Acetate-derived alkaloids'],['Quinolizidine alkaloids'],['Lysine alkaloids'],['Alkaloids'],False,?
O=c1oc2cc(OC3OC(CO)C(O)C(O)C3O)c3c(c2c2c(O)c(O)c(O)cc12)OC(c1ccc(O)cc1)C3,['Shikimates and Phenylpropanoids'],['Stilbenoids'],['Monomeric stilbenes'],['Simple coumarins'],['Coumarins'],['Shikimates and Phenylpropanoids'],True,?
C=CCC=CCC=CC/C=C\CCCCC(=O)O,['Fatty acids'],['Fatty Acids and Conjugates'],['Unsaturated fatty acids'],['Other Eicosanoids'],['Eicosanoids'],['Fatty acids'],False,?
CC(C)=CCCC(C)=CCC1=C(C)C(=O)OC1=O,['Terpenoids'],['Sesquiterpenoids'],['Secogermacrane sesquiterpenoids'],['Prenyl quinone meroterpenoids'],['Meroterpenoids'],['Terpenoids'],False,?
CC1CCCC(C)CCC(C(C)C)CC1,['Terpenoids'],['Sesquiterpenoids'],['Germacrane sesquiterpenoids'],['Menthane monoterpenoids'],['Monoterpenoids'],['Terpenoids'],False,?
CC1OC(OC2CCC(c3ccc4c(c3O)C(O)=C(CC(=O)O)C(=O)C4=O)OC2C)CCC1O,['Polyketides'],['Naphthalenes'],['Naphthoquinones'],['Angucyclines'],['Polycyclic aromatic polyketides'],['Polyketides'],True,?
CCCCC/C=C\C=C\C(O)C/C=C\C/C=C\C/C=C\CCCCC(=O)O,['Fatty acids'],['Fatty Acids and Conjugates'],['Hydroxy fatty acids'],['Hydroxy-hydroperoxyeicosatetraenoic acids'],['Eicosanoids'],['Fatty acids'],False,?
CCCCCCC/C=C\C/C=C\CC/C=C\CCCCCC(=O)O,['Fatty acids'],['Docosanoids'],['Other Docosanoids'],['Unsaturated fatty acids'],['Fatty Acids and Conjugates'],['Fatty acids'],False,?
CCCCCCC#CC#CC(O)CCCCCCC(=O)O,['Fatty acids'],['Octadecanoids'],['Other Octadecanoids'],['Unsaturated fatty acids'],['Fatty Acids and Conjugates'],['Fatty acids'],False,?
CCCC(S)CCOC(C)=O,['Fatty acids'],['Fatty acyls'],['Fatty alcohols'],['Wax monoesters'],['Fatty esters'],['Fatty acids'],False,?
CC/C=C\C/C=C\C=C\C(O)C/C=C\C=C\C(O)CCCCCC(=O)O,['Fatty acids'],['Docosanoids'],['Other Docosanoids'],['Hydroxy-hydroperoxyeicosatetraenoic acids'],['Eicosanoids'],['Fatty acids'],False,?
O=C(OC1COC(=O)c2cc(O)c(O)c(O)c2-c2c(cc(O)c(O)c2O)C(=O)OC1C1OC(=O)c2cc(O)c(O)c(O)c2-c2c(O)c(O)c(O)c3c2C(=O)OC1C3c1c(O)cc2c(c1O)CC(O)C(c1ccc(O)c(O)c1)O2)c1cc(O)c(O)c(O)c1,['Shikimates and Phenylpropanoids'],['Flavonoids'],['Flavan-3-ols'],['Gallotannins'],['Phenolic acids (C6-C1)'],['Shikimates and Phenylpropanoids'],False,?
CC(=O)C=C1OC(C=Cc2ccc(O)c(O)c2)=CC(O)=C2C(=O)OC(c3ccc(O)c(O)c3)C12,['Shikimates and Phenylpropanoids'],['Stilbenoids'],['Monomeric stilbenes'],[],['Lignans'],['Shikimates and Phenylpropanoids'],False,?
O=C1c2cc(O)cc(O)c2CN1c1ccc(O)cc1,['Alkaloids'],['Pseudoalkaloids'],['Isoindole alkaloids'],['Benzodiazepine alkaloids'],['Anthranilic acid alkaloids'],['Alkaloids'],False,?
CC(=O)NC1C(O)OC(OS(=O)(=O)O)C(O)C1OC1OC(C(=O)O)C(O)C(O)C1O,['Carbohydrates'],['Saccharides'],['Polysaccharides'],['Aminosugars'],['Aminosugars and aminoglycosides'],['Carbohydrates'],True,?
CC(=O)NC(CC(C)C)C(=O)N(C)C(Cc1ccccc1)C(=O)NC=Cc1c[nH]c2ccccc12,['Amino acids and Peptides'],['Oligopeptides'],['Linear peptides'],['Dipeptides'],['Small peptides'],['Amino acids and Peptides'],False,?
CCCCCCCC(O)CC(=O)OC(CCCCCCC)CC(=O)O,['Fatty acids'],['Fatty esters'],['Fatty acid estolides'],['Hydroxy fatty acids'],['Fatty Acids and Conjugates'],['Fatty acids'],False,?
CC/C=C\C[C@H](O)[C@H](O)/C=C/[C@@H](O)CCCCCCCC(=O)O,['Fatty acids'],['Fatty Acids and Conjugates'],['Hydroxy fatty acids'],['Other Octadecanoids'],['Octadecanoids'],['Fatty acids'],False,?
CC(=O)NC1C(OP(=O)(O)OP(=O)(O)OCC2OC(n3ccc(=O)[nH]c3=O)C(O)C2O)OC(CC(O)C2OC(n3ccc(=O)[nH]c3=O)C(O)C2O)C(O)C1O,['Carbohydrates'],['Nucleosides'],['Pyrimidine nucleosides'],['Aminosugars'],['Aminosugars and aminoglycosides'],['Carbohydrates'],True,?
C=C(C)C1CCC2(C)CCCC(C)(Nc3ncnc4c3ncn4C3OC(CO)C(O)C3O)C2C1,['Terpenoids'],['Sesquiterpenoids'],['Eudesmane sesquiterpenoids'],[],['Diterpenoids'],['Terpenoids'],False,?
CC(=O)/C=C/C1OC(C)(C)C(O)CCC1(C)O,['Terpenoids'],['Sesquiterpenoids'],['Farnesane sesquiterpenoids'],['Apocarotenoids (β-)'],['Apocarotenoids'],['Terpenoids'],False,?
C=C1CCCC(C)(C)C1CCC1(C)CCC(C(C)C(=O)OC)OO1,['Terpenoids'],['Sesterterpenoids'],['Norsesterterpenoids'],['Cyclophytane diterpenoids'],['Diterpenoids'],['Terpenoids'],False,?
CC1OC(OCC2OC(Oc3c(-c4ccc(OS(=O)(=O)O)c(OS(=O)(=O)O)c4)oc4cc(OS(=O)(=O)O)cc(OS(=O)(=O)O)c4c3=O)C(OS(=O)(=O)O)C(OS(=O)(=O)O)C2OS(=O)(=O)O)C(OS(=O)(=O)O)C(OS(=O)(=O)O)C1OS(=O)(=O)O,['Shikimates and Phenylpropanoids'],['Flavonoids'],['Flavonols'],[],['Xanthones'],['Shikimates and Phenylpropanoids'],True,?
CCCCCCCCCCCCCCCC(=O)CC(=O)O,['Fatty acids'],['Octadecanoids'],['Other Octadecanoids'],['Oxo fatty acids'],['Fatty Acids and Conjugates'],['Fatty acids'],False,?
C=C1CCC2(C(=O)OC3OC(CO)C(O)C(O)C3O)CCC3(C)C(=CCC4C5(C)CCC(OC6OCC(O)C(OC7OC(CO)C(O)C(O)C7O)C6OC6OC(C)C(O)C(O)C6O)C(C)(C)C5CCC43C)C2C1,['Terpenoids'],['Sesquiterpenoids'],['Guaiane sesquiterpenoids'],['Oleanane triterpenoids'],['Triterpenoids'],['Terpenoids'],True,?
CN=C1NC2C(O)C(OC3OC(CO)C(OC4OC(COC)C(O)C(O)C4NC(C)=O)C(O)C3NC(C)=O)C(CO)C2O1,['Carbohydrates'],['Polyols'],['Amino cyclitols'],['Aminosugars'],['Aminosugars and aminoglycosides'],['Carbohydrates'],True,?
CCCCCC1OC1C/C=C\CCCCCCCC(=O)O,['Fatty acids'],['Octadecanoids'],['Other Octadecanoids'],['Epoxy fatty acids'],['Fatty Acids and Conjugates'],['Fatty acids'],False,?
C=CCc1cc(O)c(O)cc1CC=Cc1ccc(O)c(O)c1,['Shikimates and Phenylpropanoids'],['Lignans'],['Minor lignans'],[],['Phenylpropanoids (C6-C3)'],['Shikimates and Phenylpropanoids'],False,?
COC(=O)C12Oc3c(Cl)c4c(c(O)c3C(O)=C1C(=O)CCC2O)C1C(=O)C2=C(O)c3c(O)ccc(O)c3C(=O)C2(C4)C2OC12C,['Polyketides'],['Naphthalenes'],['Naphthoquinones'],['Anthraquinones and anthrones'],['Polycyclic aromatic polyketides'],['Polyketides'],False,?
COC1(NC(=O)C(N)CC(=O)CCC(N)C(=O)O)CN(S(=O)(=O)O)C1=O,['Amino acids and Peptides'],['Oligopeptides'],['Linear peptides'],['Aminoacids'],['Small peptides'],['Amino acids and Peptides'],False,?
O=C1O[C@@H](c2ccc(O)cc2)[C@H]2c3c1c(O)cc(O[C@@H]1OC[C@H](O)[C@H](O)[C@H]1O)c3[C@H](c1cc(O)cc(O)c1)[C@H]2c1ccc(O)cc1,['Shikimates and Phenylpropanoids'],['Coumarins'],['Isocoumarins'],['Oligomeric stibenes'],['Stilbenoids'],['Shikimates and Phenylpropanoids'],True,?
COc1cc(OC)c2c(O)c3c(cc2c1)CC(C)(O)CC(=O)Oc1c-3c(OC)cc2cc3c(c(O)c12)C(=O)CC(C)(O)C3,['Polyketides'],['Naphthalenes'],['Naphthoquinones'],['Anthraquinones and anthrones'],['Polycyclic aromatic polyketides'],['Polyketides'],False,?
CCC(CCC(C)C1CCC2C3C(=O)C=C4C=CCCC4(C)C3CCC12C)C(C)C,['Terpenoids'],['Sesquiterpenoids'],['Tremulane sesquiterpenoids'],['Stigmastane steroids'],['Steroids'],['Terpenoids'],False,?
CN(C(=O)c1ccccc1)C1CCCC(=O)CC1,['Alkaloids'],['Ornithine alkaloids'],['Tropane alkaloids'],[],['Lysine alkaloids'],['Alkaloids'],False,?
C=Cc1c(C)c2cc3nc(cc4[nH]c(cc5nc(cc1[nH]2)C(C)=C5CCC(=O)O)c(CCC(=O)O)c4C)C1(C)C3=CC=C(C(=O)OC)C1C(=O)OC,['Alkaloids'],['Tyrosine alkaloids'],['Isoquinoline alkaloids'],['Carboline alkaloids'],['Tryptophan alkaloids'],['Alkaloids'],False,?
COc1cccc(C2CC(CO)CN(C)C2)n1,['Alkaloids'],['Nicotinic acid alkaloids'],['Pyridine alkaloids'],[],['Tryptophan alkaloids'],['Alkaloids'],False,?
COC(OC)c1c[n+](CCCC(=O)O)cc2c1CCC2C,['Alkaloids'],['Pseudoalkaloids'],['Terpenoid alkaloids'],['Pyridine alkaloids'],['Nicotinic acid alkaloids'],['Alkaloids'],False,?
CC(=O)OC[C@@]12[C@H](OC(=O)c3ccccc3)[C@@H](OC(C)=O)[C@@H]3[C@@H](OC(C)=O)[C@@]14O[C@@]3(C)COC(=O)c1cccnc1[C@H](C)[C@H](C)C(=O)O[C@@H]([C@H](OC(=O)c1ccc(=O)n(C)c1)[C@@H]2OC(C)=O)[C@]4(C)O,['Alkaloids'],['Pseudoalkaloids'],['Terpenoid alkaloids'],['Pyridine alkaloids'],['Nicotinic acid alkaloids'],['Alkaloids'],False,?
C=C(C)C1CCC(C)C2(O)C1C=C(C)C(OC(C)=O)C2OC(=O)C(CC(=O)c1ccccc1NC)NC=O,['Terpenoids'],['Sesquiterpenoids'],['Cadinane sesquiterpenoids'],[],['Diterpenoids'],['Terpenoids'],False,?
CC1(C)CCCC2(C)C1CCC13OC(=O)C(O)(C4C(=CC=C5C(=O)OC6C5C5(O)C(=O)OC67CCC6C(C)(C)CCCC6(C)C75)C(=O)OC41)C23,['Terpenoids'],['Diterpenoids'],['Secoabietane diterpenoids'],[],['Sesquiterpenoids'],['Terpenoids'],False,?
C=C(C)C1CC=C(C)CC1,['Terpenoids'],['Meroterpenoids'],['Prenyl quinone meroterpenoids'],"['Menthane monoterpenoids', 'Monocyclic monoterpenoids']",['Monoterpenoids'],['Terpenoids'],False,?
CC(C)C(NC(=O)C(CCCNC(N)=O)NC(=O)NC(Cc1ccccc1)C(=O)O)C(=O)NC(C=O)CCCN=C(N)N,['Amino acids and Peptides'],['Oligopeptides'],['Linear peptides'],['Tripeptides'],['Small peptides'],['Amino acids and Peptides'],False,?
CCOC(=O)/C=C/I,['Fatty acids'],['Fatty Acids and Conjugates'],['Halogenated fatty acids'],['Wax monoesters'],['Fatty esters'],['Fatty acids'],False,?
CCCCC[C@H](O)/C=C/C=C\C/C=C\CCCCC(=O)O,['Fatty acids'],['Octadecanoids'],['Other Octadecanoids'],"['Hydroxy-hydroperoxyeicosatetraenoic acids', 'Hydroxy-hydroperoxyeicosatrienoic acids']",['Eicosanoids'],['Fatty acids'],False,?
CCCCC(O)C(O)CCCCCCCCCCCC(=O)O,['Fatty acids'],['Fatty Acids and Conjugates'],['Hydroxy fatty acids'],['Other Octadecanoids'],['Octadecanoids'],['Fatty acids'],False,?
CC(=O)OCC=C(C)C(O)CC=C(C)CCC=C(C)C,['Terpenoids'],['Sesquiterpenoids'],['Farnesane sesquiterpenoids'],['Acyclic monoterpenoids'],['Monoterpenoids'],['Terpenoids'],False,?
CCCCCC(O)C(O)/C=C/C=C/C=C/C=C/C(O)CCCC(=O)O,['Fatty acids'],['Fatty Acids and Conjugates'],['Unsaturated fatty acids'],['Lipoxins'],['Eicosanoids'],['Fatty acids'],False,?
CCCCCCCCCCCCCCCC(O)CC(=O)O,['Fatty acids'],['Octadecanoids'],['Other Octadecanoids'],['Hydroxy fatty acids'],['Fatty Acids and Conjugates'],['Fatty acids'],False,?
CN1CCCC1CC(=O)c1ccc(O)cc1,['Alkaloids'],['Ornithine alkaloids'],['Pyrrolidine alkaloids'],['Piperidine alkaloids'],['Lysine alkaloids'],['Alkaloids'],False,?
NC(CCCCNC(=O)CNC(=O)c1cccc(O)c1O)C(=O)NC(CCCCNC(=O)c1cccc(O)c1O)C(=O)NC(Cc1ccccc1)C(=O)O,['Amino acids and Peptides'],['Oligopeptides'],['Linear peptides'],['Tripeptides'],['Small peptides'],['Amino acids and Peptides'],False,?
COC1(Cc2c[nH]c3ccccc23)NC(=O)C(SC)(C(C)O)NC1=O,['Amino acids and Peptides'],['Small peptides'],['Dipeptides'],['Other indole diketopiperazine alkaloids'],['Peptide alkaloids'],"['Alkaloids', 'Amino acids and Peptides']",False,?
CN1C2CCC1CC(=O)C2,['Alkaloids'],['Ornithine alkaloids'],['Tropane alkaloids'],['Piperidine alkaloids'],['Lysine alkaloids'],['Alkaloids'],False,?
CN1CC(O)CC1C(=O)O,['Alkaloids'],['Ornithine alkaloids'],['Pyrrolidine alkaloids'],['Aminoacids'],['Small peptides'],"['Alkaloids', 'Amino acids and Peptides', 'Shikimates and Phenylpropanoids']",False,?
CC(=O)OCC1(O)CCC2C3(C)CCCC(C)(C)C3CCC2(C)C1C=CC1=CC(=O)OC1O,['Terpenoids'],['Diterpenoids'],['Spongiane diterpenoids'],['Cheilanthane sesterterpenoids'],['Sesterterpenoids'],['Terpenoids'],True,?
COc1cc(O)ccc1-c1cc(=O)oc2cc(OC)c(C=O)c(O)c12,['Shikimates and Phenylpropanoids'],['Coumarins'],['Simple coumarins'],['Neoflavonoids'],['Flavonoids'],['Shikimates and Phenylpropanoids'],False,?
COC(=O)C1c2c(oc3cccc(O)c3c2=O)CC(C)(O)C1O,['Polyketides'],['Chromanes'],['Chromones'],[],['Xanthones'],['Polyketides'],False,?
CC(C=CC1(O)C(C)=CC(=O)CC1(C)C)=CC(=O)O,['Terpenoids'],['Sesquiterpenoids'],['Farnesane sesquiterpenoids'],['Apocarotenoids(ε-)'],['Apocarotenoids'],['Terpenoids'],False,?
C=C1COC(=O)C2C1CC(O)C2(O)COC(=O)C1=CC=C(C(C)C)CC2C(C)CCC12,['Terpenoids'],['Monoterpenoids'],['Iridoids monoterpenoids'],[],['Diterpenoids'],['Terpenoids'],False,?
O=C(OC1Cc2c(O)cc(O)cc2OC1c1cc(O)c(O)c(O)c1-c1c(-c2oc3cc(O)cc(O)c3c(=O)c2OC2OC(CO)C(O)C(O)C2O)cc(O)c(O)c1O)c1cc(O)c(O)c(O)c1,['Shikimates and Phenylpropanoids'],['Phenolic acids (C6-C1)'],['Gallotannins'],['Flavonols'],['Flavonoids'],['Shikimates and Phenylpropanoids'],True,?
CC(CCCC(=CCO)CO)CCCC(C)CCCC(C)(C)O,['Terpenoids'],['Diterpenoids'],['Phytane diterpenoids'],['Farnesane sesquiterpenoids'],['Sesquiterpenoids'],['Terpenoids'],False,?
COC1COC(OC2C(N)CC(N)C(OC3OC(CN)CC(O)C3N)C2O)C(N)C1N,['Carbohydrates'],['Aminosugars and aminoglycosides'],['Aminoglycosides'],['Amino cyclitols'],['Polyols'],['Carbohydrates'],True,?
CCCCCCCC/C=C\[C@H](O)[C@H](O)CCCCCC(=O)O,['Fatty acids'],['Fatty Acids and Conjugates'],['Hydroxy fatty acids'],['Other Octadecanoids'],['Octadecanoids'],['Fatty acids'],False,?
O=C(O)CI,['Fatty acids'],['Fatty Acids and Conjugates'],['Halogenated fatty acids'],['Aminoacids'],['Small peptides'],"['Amino acids and Peptides', 'Fatty acids', 'Shikimates and Phenylpropanoids']",False,?
C=C1CC[C@H]2C(C)(C)CCC[C@]2(C)[C@H]1C[C@@]12OC(=O)C[C@@](O)(C(CO)=CC1=O)[C@H]2O,['Terpenoids'],['Sesquiterpenoids'],['Drimane sesquiterpenoids'],['Tetraketide meroterpenoids'],['Meroterpenoids'],"['Polyketides', 'Terpenoids']",False,?
CC1CCC2C1C1C(CCC23CCc2ccccc2O3)C1(C)C,['Terpenoids'],['Sesquiterpenoids'],['Aromadendrane sesquiterpenoids'],[],['Diterpenoids'],['Terpenoids'],False,?
COc1c(C)c(OC/C=C(\C)CCC=C(C)C)cc2c1COC2=O,['Polyketides'],['Cyclic polyketides'],['Phthalide derivatives'],['Tetraketide meroterpenoids'],['Meroterpenoids'],"['Polyketides', 'Terpenoids']",False,?
OCC12OC1CN1CCCC12,['Alkaloids'],['Ornithine alkaloids'],['Pyrrolizidine alkaloids'],['Quinolizidine alkaloids'],['Lysine alkaloids'],['Alkaloids'],False,?
Cc1cn([C@@H]2O[C@H](COP(=O)(O)OP(=O)(O)O)[C@@H](O)[C@H]2O)c(=O)[nH]c1=O,['Carbohydrates'],['Nucleotides'],['Pyrimidine nucleotides'],[],['Nucleosides'],['Carbohydrates'],False,original
CCC/C=C\C(Br)=C/CCCCCCC/C=C/C#CC#CCCC(=O)OCC,['Fatty acids'],['Fatty Acids and Conjugates'],['Halogenated fatty acids'],['Wax monoesters'],['Fatty esters'],['Fatty acids'],False,?
CCCCCCCC1CC(O)C(Cc2ccccc2)N1C,['Alkaloids'],['Ornithine alkaloids'],['Pyrrolidine alkaloids'],[],['Lysine alkaloids'],['Alkaloids'],False,?
CC(C)CCCC(C)CCCC(C)CCCC(C)CC(=O)O,['Terpenoids'],['Diterpenoids'],['Phytane diterpenoids'],['Branched fatty acids'],['Fatty Acids and Conjugates'],"['Fatty acids', 'Terpenoids']",False,?
COc1cc(-c2oc3cc(=[OH+])cc4oc(C(=O)O)cc(c2OC2OC(COC(=O)C=Cc5ccc(O)cc5)C(O)C(O)C2O)c43)cc(OC)c1O,['Shikimates and Phenylpropanoids'],['Stilbenoids'],['Oligomeric stibenes'],['Anthocyanidins'],['Flavonoids'],['Shikimates and Phenylpropanoids'],True,?
O=c1ccn([C@H]2C[C@H](O)[C@@H](COP(=O)(O)OP(=O)(O)O)O2)c(=O)[nH]1,['Carbohydrates'],['Nucleotides'],['Pyrimidine nucleotides'],[],['Nucleosides'],['Carbohydrates'],False,original
CC(=O)C=CCC1(C)C2CC=C(C)C1C2,['Terpenoids'],['Sesquiterpenoids'],['Bergamotane sesquiterpenoids'],['Pinane monoterpenoids'],['Monoterpenoids'],['Terpenoids'],False,?
CC(C)=CCc1c2c(O)c3c(O)c(C(O)CC=C(C)C)cc(=O)c3c(O)c2c2c(O)c3c(=O)ccc(=O)c3c(O)c12,['Polyketides'],['Naphthalenes'],['Naphthoquinones'],[],['Polycyclic aromatic polyketides'],['Polyketides'],False,?
O=C(O)CC/C=C\C[C@@H](O)/C=C/C=C/C=C\[C@@H](O)CCCC(=O)O,['Fatty acids'],['Fatty acyls'],['Fatty alcohols'],['Leukotrienes'],['Eicosanoids'],['Fatty acids'],False,?
CN1C(=O)N=C2N=CN(C)C2(C)C1=O,['Alkaloids'],['Pseudoalkaloids'],['Purine alkaloids'],[],['Histidine alkaloids'],['Alkaloids'],False,?
CCCCCCCCCCCCCCCCC(O)C(=O)O,['Fatty acids'],['Octadecanoids'],['Other Octadecanoids'],['Hydroxy fatty acids'],['Fatty Acids and Conjugates'],['Fatty acids'],False,?
COc1cc(C(=O)[O-])ccc1O,['Shikimates and Phenylpropanoids'],['Phenolic acids (C6-C1)'],['Simple phenolic acids'],['Cinnamic acids and derivatives'],['Phenylpropanoids (C6-C3)'],['Shikimates and Phenylpropanoids'],False,?
COc1c(OC2OC(CO)C(O)C(O)C2O)cc2oc(-c3ccc(O)cc3)cc(=O)c2c1O,['Shikimates and Phenylpropanoids'],['Isoflavonoids'],['Isoflavones'],['Flavones'],['Flavonoids'],['Shikimates and Phenylpropanoids'],True,?
CC1CCCCCCCCCCCCOC[C@H](CO)OCCCCCCCCCCCCCCCCCCCCCCCCCCCCOC[C@H](CO)OCCCCCCCCCCCCC(C)CC1,['Fatty acids'],['Glycerolipids'],['Diacylglycerols'],['Lactones'],['Fatty esters'],['Fatty acids'],False,?
C=CC(C)(O)CCC=C(C)CCC=C(C)CCC=C(C)CCC=C(C)C,['Terpenoids'],['Sesterterpenoids'],['Linear sesterterpenoids'],[],['Triterpenoids'],['Terpenoids'],False,?
O=c1oc2cc(ccc2O)c(=O)oc2cc1cc(O)c2O,['Shikimates and Phenylpropanoids'],['Phenolic acids (C6-C1)'],['Simple phenolic acids'],['Simple coumarins'],['Coumarins'],['Shikimates and Phenylpropanoids'],False,?
O=C(O)CCCCCCCCCCCCCCCCCO,['Fatty acids'],['Octadecanoids'],['Other Octadecanoids'],['Hydroxy fatty acids'],['Fatty Acids and Conjugates'],['Fatty acids'],False,?
CC1=CC(=O)c2c(C=NCCC(C)C)c(O)c(O)c(C(C)C)c2C1=O,['Terpenoids'],['Sesquiterpenoids'],['Cadinane sesquiterpenoids'],['Naphthoquinones'],['Naphthalenes'],"['Polyketides', 'Terpenoids']",False,?
CC(C)=CCCC(C)C1=CCC(C)C12CC=C(C)CC2,['Terpenoids'],['Diterpenoids'],['Viscidane diterpenoids'],['Bisabolane sesquiterpenoids'],['Sesquiterpenoids'],['Terpenoids'],False,?
CC/C=C\CCC(O)C/C=C\CCCCCCCCCC(=O)O,['Fatty acids'],['Fatty Acids and Conjugates'],['Hydroxy fatty acids'],['Other Octadecanoids'],['Octadecanoids'],['Fatty acids'],False,?
CC(C)=CCCC(C)=CCCC(C)=CCCC(C)=CCCC(C)=CCCC(C)C1=CCC(C)=CC1,['Terpenoids'],['Sesquiterpenoids'],['Bisabolane sesquiterpenoids'],[],['Triterpenoids'],['Terpenoids'],False,?
C=C1C(=O)O[C@@H](CCCCCCCCCCCCC[C@@H](C)O[C@@H]2O[C@H](CO[C@@H]3O[C@@H](C)[C@@H](O)[C@H](O)[C@H]3O)[C@@H](O)[C@H](O)[C@H]2O)[C@H]1C(=O)O,['Fatty acids'],['Fatty acyls'],['Paraconic acids and derivatives'],[],['Fatty acyl glycosides'],['Fatty acids'],True,?
CC1(C)CC[C@]2(C)CC=C3[C@@](C)(CC[C@H]4[C@@]3(C)CC[C@H]3C(C)(C)C(=O)CC[C@@]34C)[C@@H]2C1,['Terpenoids'],['Sesterterpenoids'],['Scalarane sesterterpenoids'],['Taraxerane triterpenoids'],['Triterpenoids'],['Terpenoids'],False,?
CC(C)=CCCC(C)=CC=O,['Terpenoids'],['Sesquiterpenoids'],['Cubebane sesquiterpenoids'],['Acyclic monoterpenoids'],['Monoterpenoids'],['Terpenoids'],False,?
O=C(CCc1ccccc1)CC(C=Cc1ccccc1)c1c(O)cc(C=Cc2ccccc2)oc1=O,['Shikimates and Phenylpropanoids'],['Diarylheptanoids'],['Linear diarylheptanoids'],['Kavalactones and derivatives'],['Styrylpyrones'],['Shikimates and Phenylpropanoids'],False,?
CCCCCC(O)/C=C/C#C/C=C/C=C/C(O)C(O)CCCC(=O)O,['Fatty acids'],['Fatty Acids and Conjugates'],['Unsaturated fatty acids'],[],['Eicosanoids'],['Fatty acids'],False,?
O=C(c1ncc(-c2c[nH]c3cc(Br)ccc23)[nH]1)c1c[nH]c2ccccc12,['Alkaloids'],['Tryptophan alkaloids'],['Simple indole alkaloids'],['Imidazole alkaloids'],['Histidine alkaloids'],['Alkaloids'],False,?
CC(C)CCCCCC(=O)CCCCCCCCC(=O)O,['Fatty acids'],['Octadecanoids'],['Other Octadecanoids'],['Oxo fatty acids'],['Fatty Acids and Conjugates'],['Fatty acids'],False,?
C=C(CCC(C)C1CCC2C3=C(CC2C1=C)C1(C)CCC(O)C(C)(C(=O)O)C1CC3)C(C)C,['Terpenoids'],['Triterpenoids'],"['Lanostane, Tirucallane and Euphane triterpenoids']",['Ergostane steroids'],['Steroids'],['Terpenoids'],False,?
COC1CC=C2CCN3CCC4=C(CC(=O)OC4)C23C1,['Alkaloids'],['Tryptophan alkaloids'],['Simple indole alkaloids'],['Homoerythrina alkaloids'],['Tyrosine alkaloids'],['Alkaloids'],False,?
O=C1OC2=C(c3ccccc3)C(=O)C3=C(C2=C1c1ccc(O)cc1)c1ccc(O)cc1OC3,['Shikimates and Phenylpropanoids'],['Isoflavonoids'],['2-arylbenzofurans'],['p-Terphenyls'],['Terphenyls'],['Shikimates and Phenylpropanoids'],False,?
CN1CCCC1,['Alkaloids'],['Ornithine alkaloids'],['Pyrrolidine alkaloids'],['Piperidine alkaloids'],['Lysine alkaloids'],['Alkaloids'],False,?
CN[C@@H]1[C@@H](O)[C@@H](O[C@@H]2[C@@H](O)[C@H](O[C@H]3OC(CN)=CC[C@H]3N)[C@@H](N)C[C@H]2N)OC[C@]1(C)O,['Carbohydrates'],['Aminosugars and aminoglycosides'],['Aminoglycosides'],['Amino cyclitols'],['Polyols'],['Carbohydrates'],True,?
CC(C)=CCC[C@@H](CO)[C@H]1CC[C@@]2(C)C3=C(CC[C@]12C)[C@@]1(C)CCC(O)C(C)(C)[C@@H]1CC3,['Terpenoids'],['Sesquiterpenoids'],['Elemane sesquiterpenoids'],[],['Triterpenoids'],['Terpenoids'],False,?
CCOC(=O)C(Br)I,['Fatty acids'],['Fatty Acids and Conjugates'],['Halogenated fatty acids'],[],['Fatty esters'],['Fatty acids'],False,?
CNC1C(O)C(OC2C(N)CC(N)C(OC3OC(CN)CCC3N)C2O)OCC1(C)O,['Carbohydrates'],['Aminosugars and aminoglycosides'],['Aminoglycosides'],['Amino cyclitols'],['Polyols'],['Carbohydrates'],True,?
CC(C)=CCCC(C)=CC(c1cc(O)cc(C)c1O)c1oc2c(c1C)CC1(C)C(C=CC(=O)C1C)C2,['Terpenoids'],['Sesquiterpenoids'],['Eremophilane sesquiterpenoids'],['Tetraketide meroterpenoids'],['Meroterpenoids'],['Terpenoids'],False,?
CCCCCCCCCCCCCCCCC(=O)C(=O)O,['Fatty acids'],['Octadecanoids'],['Other Octadecanoids'],['Oxo fatty acids'],['Fatty Acids and Conjugates'],['Fatty acids'],False,?
CC1COC2(CC1O)OC1CC3CC(OC3=O)C1C2(O)CO,['Terpenoids'],['Sesquiterpenoids'],['Bisabolane sesquiterpenoids'],['Iridoids monoterpenoids'],['Monoterpenoids'],['Terpenoids'],False,?
CC(CCC(O)C(C)(C)O)C1CCC2(C)C3CCC4CC(O)CCC45CC35CCC12C,['Terpenoids'],['Triterpenoids'],['Cycloartane triterpenoids'],['Cholestane steroids'],['Steroids'],['Terpenoids'],False,?
COC(=O)CC1=CC(=O)C(c2c(O)cc(C=Cc3ccc(O)c(O)c3)oc2=O)C(c2ccc(O)c(O)c2)O1,['Shikimates and Phenylpropanoids'],['Stilbenoids'],['Monomeric stilbenes'],['Kavalactones and derivatives'],['Styrylpyrones'],['Shikimates and Phenylpropanoids'],False,?
CCCCCC(O)CC(=O)OCC,['Fatty acids'],['Fatty acyls'],['Fatty alcohols'],['Wax monoesters'],['Fatty esters'],['Fatty acids'],False,?
NCCCCCCSc1nc2c(=O)[nH]c(N)nc2n1[C@@H]1O[C@@H]2COP(=O)(O)O[C@H]2[C@H]1O,['Carbohydrates'],['Nucleotides'],['Purine nucleotides'],[],['Nucleosides'],"['Alkaloids', 'Carbohydrates']",False,?
OC1C2=CCN3Cc4cc5c(cc4C(C(O)C1O)C23)OCO5,['Alkaloids'],['Lysine alkaloids'],['Indolizidine alkaloids'],['Amarylidaceae alkaloids'],['Tyrosine alkaloids'],['Alkaloids'],False,?
C=C1CCC(C2CC3C(C)(C)CCCC3(C)c3cc(O)c(C(C)C)cc32)C2(C)CCC(C(C)(C)O)CC12,['Terpenoids'],['Diterpenoids'],['Abietane diterpenoids'],[],['Sesquiterpenoids'],['Terpenoids'],False,?
CC(C)=CCc1c(O)cc2c(c1C)OC(=O)c1c(C)c(Cl)c3c(c1O2)C1OC(O3)c2c(cc(O)c3c2OC2(C3)C(C)CCC3C(C)(C)C(O)CCC32C)C1O,['Polyketides'],['Aromatic polyketides'],['Depsides and depsidones'],[],['Meroterpenoids'],['Polyketides'],False,?
CCCCCCCCCCCCCCCCCCCCCCCC(=O)N[C@@H](CO[C@H]1O[C@H](CO)[C@H](O)[C@H](O)[C@H]1O)[C@H](O)[C@H](O)CCCCC,['Fatty acids'],['Fatty acyl glycosides'],['Fatty acyl glycosides of mono- and disaccharides'],['Neutral glycosphingolipids'],['Sphingolipids'],['Fatty acids'],True,?
CCCCCC(O)/C=C/C(=O)C(CCCCCCCC(=O)O)OC,['Fatty acids'],['Octadecanoids'],['Other Octadecanoids'],['Methoxy fatty acids'],['Fatty Acids and Conjugates'],['Fatty acids'],False,?
C=C1CCC2C(=C)C(=O)OC2C=C(C)CC2C=C(CCC1=O)C(=O)O2,['Terpenoids'],['Diterpenoids'],['Cembrane diterpenoids'],['Germacrane sesquiterpenoids'],['Sesquiterpenoids'],['Terpenoids'],False,?
CCCCCCCCCCCCCCCC(=O)OCC1OC(OC2C(O)C=C3CCN4Cc5cc6c(cc5C2C34)OCO6)C(O)C(O)C1O,['Alkaloids'],['Lysine alkaloids'],['Indolizidine alkaloids'],['Amarylidaceae alkaloids'],['Tyrosine alkaloids'],['Alkaloids'],True,?
CC(C=CC(O)C1OC2CC1OC(=O)C1OC(CC1C)C(O)C(O)C=C/C=C(\Cl)C2O)CC(=O)O,['Polyketides'],['Linear polyketides'],['Open-chain polyketides'],['Macrolide lactones'],['Macrolides'],['Polyketides'],False,?
C=C(C)C1CCC2=COC=CC3=C2C1OC3=O,['Terpenoids'],['Sesquiterpenoids'],['Secoeudesmane sesquiterpenoids'],[],['Monoterpenoids'],['Terpenoids'],False,?
C=C1CCC2C(C)(CCC=C(C)C)C(OC(=O)C(O)C(C)C)CCC2(C)C1Cc1c(O)c(C)coc1=O,['Terpenoids'],['Diterpenoids'],['Norlabdane diterpenoids'],['Triketide meroterpenoids'],['Meroterpenoids'],"['Polyketides', 'Terpenoids']",False,?
C=C1C(=O)OC(C=C(C)CCC=C(C=O)CC(C)=CC2OC(=O)C(=C)C2CCC(C)=O)C1CCC(C)=O,['Terpenoids'],['Sesquiterpenoids'],['Secogermacrane sesquiterpenoids'],['Cembrane diterpenoids'],['Diterpenoids'],['Terpenoids'],False,?
OC1=Cc2c(O)cc(O)cc2OC1c1ccc(O)cc1,['Shikimates and Phenylpropanoids'],['Flavonoids'],['Anthocyanidins'],[],['Isoflavonoids'],['Shikimates and Phenylpropanoids'],False,?
O=C1CC(c2ccc3n(c2=O)CC2CCCN4CCCC3C24)CC2C3CCCN4CCCC(CN12)C34,['Alkaloids'],['Nicotinic acid alkaloids'],['Pyridine alkaloids'],['Quinolizidine alkaloids'],['Lysine alkaloids'],['Alkaloids'],False,?
CC(C)=CC(O)CC(C)=CCCC(C)=CCO,['Terpenoids'],['Sesquiterpenoids'],['Farnesane sesquiterpenoids'],['Acyclic monoterpenoids'],['Monoterpenoids'],['Terpenoids'],False,?
CC(C)CCCCCCCCCCCCC(O)CC(=O)O,['Fatty acids'],['Octadecanoids'],['Other Octadecanoids'],['Branched fatty acids'],['Fatty Acids and Conjugates'],['Fatty acids'],False,?
C=C(C)C1CCC(C)(/C=C/c2ccc3c(c2O)[C@](O)(c2ccc(OC)cc2)[C@@H](OC)C(=O)N3)O1,['Alkaloids'],['Anthranilic acid alkaloids'],['Quinoline alkaloids'],['Quinoline alkaloids'],['Tryptophan alkaloids'],['Alkaloids'],False,?
CC(=O)C12OC1CC1C3CC=C4C5OC(C)(C)OC5CCC4(C)C3CCC12C,['Terpenoids'],['Diterpenoids'],['Kaurane and Phyllocladane diterpenoids'],['Pregnane steroids'],['Steroids'],['Terpenoids'],False,?
CCCCCCCC/C=C/CCCCCC/C=C\CCCC(=O)O,['Fatty acids'],['Docosanoids'],['Other Docosanoids'],['Unsaturated fatty acids'],['Fatty Acids and Conjugates'],['Fatty acids'],False,?
C=C1C2CC(CC2C2=CC3CCC2C3)C1(C)C,['Terpenoids'],['Monoterpenoids'],['Camphane monoterpenoids'],[],['Sesquiterpenoids'],['Terpenoids'],False,original
CC(=CC(=O)O)CCC=CC(C)CCC1CC=CC(=O)O1,['Polyketides'],['Linear polyketides'],['Open-chain polyketides'],['2-pyrone derivatives'],['Cyclic polyketides'],['Polyketides'],False,?
O=C(O)CNCC(=O)C(O)C(O)C(O)CO,['Carbohydrates'],['Aminosugars and aminoglycosides'],['Aminosugars'],[],['Saccharides'],['Carbohydrates'],False,?
CCCCCCCCCCCCCCCC(O)C(O)C(=O)O,['Fatty acids'],['Octadecanoids'],['Other Octadecanoids'],['Hydroxy fatty acids'],['Fatty Acids and Conjugates'],['Fatty acids'],False,?
NCC1OC(OC2C(CO)OC(OC3C(O)C(N)CC(N)C3OC3OC(CN)C(O)C(O)C3N)C2O)C(N)C(O)C1O,['Carbohydrates'],['Aminosugars and aminoglycosides'],['Aminoglycosides'],['Amino cyclitols'],['Polyols'],['Carbohydrates'],True,?
CCOC(=O)C=C(I)I,['Fatty acids'],['Fatty Acids and Conjugates'],['Halogenated fatty acids'],['Wax monoesters'],['Fatty esters'],['Fatty acids'],False,?
CCc1ccc[n+](CCc2c(C(=O)O)n(C)c3ccccc23)c1,['Alkaloids'],['Nicotinic acid alkaloids'],['Pyridine alkaloids'],[],['Anthranilic acid alkaloids'],['Alkaloids'],False,?
CC(C)=CCCC(C)=CCCc1ccoc1,['Terpenoids'],['Sesquiterpenoids'],['Farnesane sesquiterpenoids'],['Acyclic monoterpenoids'],['Monoterpenoids'],['Terpenoids'],False,?
CC/C=C\C/C=C\C/C=C\C/C=C\C/C=C\CCCCCC(=O)O,['Fatty acids'],['Docosanoids'],['Other Docosanoids'],['Unsaturated fatty acids'],['Fatty Acids and Conjugates'],['Fatty acids'],False,?
